# Host: localhost  (Version: 5.7.26)
# Date: 2020-07-03 11:47:29
# Generator: MySQL-Front 5.3  (Build 4.234)

/*!40101 SET NAMES utf8 */;

#
# Structure for table "banner"
#

CREATE TABLE `banner` (
  `Id` int(11) NOT NULL AUTO_INCREMENT,
  `image` varchar(255) DEFAULT NULL,
  `isWhite` varchar(10) NOT NULL DEFAULT 'true',
  PRIMARY KEY (`Id`)
) ENGINE=MyISAM AUTO_INCREMENT=8 DEFAULT CHARSET=utf8;

#
# Data for table "banner"
#

REPLACE INTO `banner` VALUES (1,'https://fms.res.meizu.com/dms/2020/06/22/2526da58-e948-498c-96cc-4d8bd5a9e452.jpg','true'),(2,'https://fms.res.meizu.com/dms/2020/06/19/58265e58-bf98-49d9-9fa2-414cdd642708.jpg','true'),(3,'https://fms.res.meizu.com/dms/2020/06/19/233bf2cf-c21d-4c6c-8c5b-e275e88468b5.jpg','true'),(4,'https://fms.res.meizu.com/dms/2020/06/24/f4ef63bc-9f30-4fd5-bd89-7f05847535d4.jpg','false'),(5,'https://fms.res.meizu.com/dms/2020/05/27/97c2ed1b-c8cb-4497-af63-6f1d6b3a5fe3.jpg','true'),(6,'https://fms.res.meizu.com/dms/2020/03/25/5d77d2c8-b0fd-4dc2-8856-a22d577d9a99.jpg','true'),(7,'https://fms.res.meizu.com/dms/2020/05/08/f9df1e57-0f99-47d9-b2f5-d8b210b6c9d4.jpg','true');

#
# Structure for table "goods"
#

CREATE TABLE `goods` (
  `Id` int(11) NOT NULL AUTO_INCREMENT,
  `goods_id` varchar(28) NOT NULL DEFAULT '0',
  `goods_type` varchar(255) NOT NULL DEFAULT '',
  `goods_price` bigint(20) NOT NULL DEFAULT '0',
  `goods_desc` varchar(255) NOT NULL DEFAULT '',
  `goods_name` varchar(255) NOT NULL DEFAULT '',
  `goods_color1_name` varchar(255) NOT NULL DEFAULT '',
  `goods_color1` varchar(1000) NOT NULL DEFAULT '',
  `goods_color2_name` varchar(255) DEFAULT NULL,
  `goods_color2` varchar(1000) DEFAULT NULL,
  `goods_color3_name` varchar(255) DEFAULT NULL,
  `goods_color3` varchar(1000) DEFAULT NULL,
  `goods_color4_name` varchar(255) DEFAULT NULL,
  `goods_color4` varchar(1000) DEFAULT NULL,
  `size` varchar(255) DEFAULT NULL,
  PRIMARY KEY (`Id`)
) ENGINE=MyISAM AUTO_INCREMENT=85 DEFAULT CHARSET=utf8;

#
# Data for table "goods"
#

REPLACE INTO `goods` VALUES (1,'01001','手机',4299,'【天青现货】【魅族17系列碎屏保套餐 限时8折】【最高支持12期分期 日付仅需12.66元起】5G旗舰 | 高通骁龙 865 + UFS 3.1 + LPDDR5 | 6400W 全场景 AR 专业影像系统 | 27W 无线超充','魅族 17 Pro','天青','https://openfile.meizu.com/group1/M00/07/F5/Cgbj0F7gsj-AVId0AAlijs1xSzg392.png680x680.jpg||https://openfile.meizu.com/group1/M00/07/DB/Cgbj0V6zwUGADdDwAAT5skEF4T8624.png680x680.jpg||https://openfile.meizu.com/group1/M00/07/DB/Cgbj0V6zwUeAI-ILAAZB-PVLrto860.png680x680.jpg||https://openfile.meizu.com/group1/M00/07/C5/Cgbj0F6zwUGADLiyAAKpUJfaPFA649.png680x680.jpg','乌金','https://openfile.meizu.com/group1/M00/07/F5/Cgbj0F7gskGAT8SdAAi5TCCOE2Y178.png680x680.jpg||https://openfile.meizu.com/group1/M00/07/DB/Cgbj0V6zwU2ABpNtAAKi3BlPF4A270.png680x680.jpg||https://openfile.meizu.com/group1/M00/07/DB/Cgbj0V6zwVOAYv3TAAYSY_fifOs397.png680x680.jpg||https://openfile.meizu.com/group1/M00/07/C5/Cgbj0F6zwU-AE3JwAAJ3w5UUqH4853.png680x680.jpg','定白','https://openfile.meizu.com/group1/M00/07/F5/Cgbj0F7gsjWARDOAAAmxMlGl-4w854.png680x680.jpg||https://openfile.meizu.com/group1/M00/07/DA/Cgbj0V6zwTmAPwtyAAQ_qsF3bCA001.png680x680.jpg||https://openfile.meizu.com/group1/M00/07/C5/Cgbj0F6zwTmARxAyAAYq4XcsnGk824.png680x680.jpg||https://openfile.meizu.com/group1/M00/07/DA/Cgbj0V6zwTmAI0JaAAKLVXwYXgA321.png680x680.jpg',NULL,NULL,'8+128GB/12+256GB'),(2,'01002','手机',3699,'【魅族17系列碎屏保套餐 限时8折】【最高支持12期分期 日付仅需10.89元起】5G旗舰 | 高通骁龙 865 + UFS 3.1 高速闪存 | 6400W 全场景影像系统','魅族 17','AG梦幻独角兽','https://openfile.meizu.com/group1/M00/08/0B/Cgbj0V7gsjWAfxBJAAlp3c1WdI4793.png680x680.jpg||https://openfile.meizu.com/group1/M00/07/D9/Cgbj0V6zwMWANhNKAAVfQwmOan4751.png680x680.jpg||https://openfile.meizu.com/group1/M00/07/C3/Cgbj0F6zwMWAbCieAAZp0FbICJA179.png680x680.jpg||https://openfile.meizu.com/group1/M00/07/D9/Cgbj0V6zwMWASoKjAAKhvZAJDTU118.png680x680.jpg','松深入墨','https://openfile.meizu.com/group1/M00/08/0C/Cgbj0V7gsj-AY4bcAAleFw4c8xs116.png680x680.jpg||https://openfile.meizu.com/group1/M00/07/DA/Cgbj0V6zwNmAet3dAAPfo-HRaiE646.png680x680.jpg||https://openfile.meizu.com/group1/M00/07/DA/Cgbj0V6zwOCAMY5FAAal_UKuLx4852.png680x680.jpg||https://openfile.meizu.com/group1/M00/07/C4/Cgbj0F6zwNuANk6cAALV6RMZRk0324.png680x680.jpg','十七度灰','https://openfile.meizu.com/group1/M00/08/0B/Cgbj0V7gsjWAPF5rAAsOWBHfhMc030.png680x680.jpg||https://openfile.meizu.com/group1/M00/07/F3/Cgbj0F7eH2SAdKD5AAHWtl1T9Ws790.jpg680x680.jpg||https://openfile.meizu.com/group1/M00/08/09/Cgbj0V7gLWKAKFcnAAFyldULfZ0173.jpg680x680.jpg||https://openfile.meizu.com/group1/M00/07/C4/Cgbj0F6zwM6AdEXLAALMpD5v_iE443.png680x680.jpg',NULL,NULL,'8+128GB/8+256GB'),(3,'01003','手机',9999,'这艺术 科技极了','魅族 17 Pro 晓芳窑艺术典藏版','天青','https://openfile.meizu.com/group1/M00/07/CF/Cgbj0F61BXaARxdvAAqWtjjyY08964.png680x680.jpg||https://openfile.meizu.com/group1/M00/07/E4/Cgbj0V61BX2AFUy6AAbcP9Z9e6w628.png680x680.jpg||https://openfile.meizu.com/group1/M00/07/CF/Cgbj0F61BXWAcImFAASZwzEVyAE591.png680x680.jpg||https://openfile.meizu.com/group1/M00/07/E4/Cgbj0V61BXaAIziBAANqTXuAtuM977.png680x680.jpg',NULL,NULL,NULL,'',NULL,NULL,'12+256GB'),(4,'01004','手机',1999,'6.5英寸极边全面屏 | 骁龙855旗舰处理器 | 4500mAh续航怪兽 | UFS 3.0 高速闪存 | 「双」·立体声扬声器 | 超广角 AI 三摄 | 线性振动马达 | 全球频段','魅族 16T','鲸跃蓝','https://openfile.meizu.com/group1/M00/07/7A/Cgbj0V2upxqANyVFAAjApUYA58w668.png680x680.jpg||https://openfile.meizu.com/group1/M00/07/63/Cgbj0F2upxaAGJTEAAUpA94wOg8239.png680x680.jpg||https://openfile.meizu.com/group1/M00/07/63/Cgbj0F2upx2Ae-1iAASadQ1SChs478.png680x680.jpg||https://openfile.meizu.com/group1/M00/07/7A/Cgbj0V2upxaAcIXFAAIFhI8RTEs782.png680x680.jpg','湖光绿','https://openfile.meizu.com/group1/M00/07/62/Cgbj0F2upwyAKqQSAAlGpvLiEdc809.png680x680.jpg||https://openfile.meizu.com/group1/M00/07/79/Cgbj0V2upwSADNIKAARgMoI_8RE573.png680x680.jpg||https://openfile.meizu.com/group1/M00/07/79/Cgbj0V2upwyAIIJ-AASZO3NO3vM840.png680x680.jpg||https://openfile.meizu.com/group1/M00/07/79/Cgbj0V2upwOAdQlDAAH-WJXwf5U402.png680x680.jpg','日光橙','https://openfile.meizu.com/group1/M00/07/87/Cgbj0V3U7gOAPBz7AAi2bv3GS9Q690.png680x680.jpg||https://openfile.meizu.com/group1/M00/07/86/Cgbj0V3U5-GAZ8OiAAR7AHDl4qY695.png680x680.jpg||https://openfile.meizu.com/group1/M00/07/7A/Cgbj0V2upy-AHO-iAASbAcADm5w480.png680x680.jpg||https://openfile.meizu.com/group1/M00/07/7A/Cgbj0V2upyeAP-XCAAIGW8_W4LU613.png680x680.jpg',NULL,NULL,'6+128GB/8+128GB/8+256GB'),(5,'01005','手机',2699,'高通骁龙 855 Plus | 索尼 4800W 像素超广角 AI 三摄 | 极边全面屏 | Flyme8 尝鲜体验 | 极速屏下指纹 | 全功能NFC','魅族 16s Pro','黑之谧镜','https://openfile.meizu.com/group1/M00/07/5F/Cgbj0V1jhtuAa71pAAd3EPLUA9Q862.png680x680.jpg||https://openfile.meizu.com/group1/M00/07/48/Cgbj0F1jhtKAcMb1AAKhnngaAZQ850.png680x680.jpg||https://openfile.meizu.com/group1/M00/07/48/Cgbj0F1jhtmAXJUeAAQ7Y9jDbao501.png680x680.jpg||https://openfile.meizu.com/group1/M00/07/5F/Cgbj0V1jhtWALpddAAImIpdb8sg331.png680x680.jpg','梦幻独角兽','https://openfile.meizu.com/group1/M00/07/48/Cgbj0F1jhu-AaV4AAAlk4z4lkt0463.png680x680.jpg||//openfile.meizu.com/group1/M00/07/60/Cgbj0V1jhuaAFVB2AAMaoEiBCLI976.png680x680.jpg||https://openfile.meizu.com/group1/M00/07/60/Cgbj0V1jhvGAOhfAAAUTBeBVm10081.png680x680.jpg||https://openfile.meizu.com/group1/M00/07/60/Cgbj0V1jhuuAZ9AXAAJuNWIpA_U972.png680x680.jpg','暮光森林','https://openfile.meizu.com/group1/M00/07/48/Cgbj0F1jhuqADaMyAAlvEHNfjUE482.png680x680.jpg||https://openfile.meizu.com/group1/M00/07/48/Cgbj0F1jht2AQ8pwAAMgtAqoM4E365.png680x680.jpg||https://openfile.meizu.com/group1/M00/07/48/Cgbj0F1jhuWATWiEAAU9adhvEJs606.png680x680.jpg||https://openfile.meizu.com/group1/M00/07/5F/Cgbj0V1jhuCAAGfqAAKANIM7ChM406.png680x680.jpg','白色物语','https://openfile.meizu.com/group1/M00/07/5F/Cgbj0V1jhs-AUdjQAAliy8tVZ28415.png680x680.jpg||https://openfile.meizu.com/group1/M00/07/47/Cgbj0F1jhsiAHZ3EAANXed3h_Cc477.png680x680.jpg||https://openfile.meizu.com/group1/M00/07/5F/Cgbj0V1jhsuAGp2EAAUEEIqP8aU080.png680x680.jpg||https://openfile.meizu.com/group1/M00/07/47/Cgbj0F1jhs2AZoy7AAJuX5wSsv8328.png680x680.jpg','6+128GB/8+128GB/8+256GB'),(6,'01006','手机',1499,'极边全面屏 | 4800W AI三摄 | 疾速屏下指纹 | 4000mAh大电池 | 高通骁龙675 | Onemind 3.0 | 绚丽多彩新色系','魅族 16Xs','骑士黑','https://openfile.meizu.com/group1/M00/07/44/Cgbj0VzvRJ-AWr44AAiGUPbS22w583.png680x680.jpg||https://openfile.meizu.com/group1/M00/07/2C/Cgbj0FzvRJOAH5vQAAP_QK7Ul4k243.png680x680.jpg||https://openfile.meizu.com/group1/M00/07/44/Cgbj0VzvRJmAOgyGAAPipjypbO0910.png680x680.jpg||https://openfile.meizu.com/group1/M00/07/2C/Cgbj0FzvRJqAExiOAAInDU9H8k8923.png680x680.jpg','亚特兰蒂斯','https://openfile.meizu.com/group1/M00/07/2D/Cgbj0FzvRKyAcTmAAAiLh3fsE44680.png680x680.jpg||https://openfile.meizu.com/group1/M00/07/44/Cgbj0VzvRKCAXSJLAARoOndnvEw009.png680x680.jpg||https://openfile.meizu.com/group1/M00/07/2D/Cgbj0FzvRKiAQQx1AAQFYhNPyWI857.png680x680.jpg||https://openfile.meizu.com/group1/M00/07/45/Cgbj0VzvRKqAAXexAAIhQ4yPYyo579.png680x680.jpg','珊瑚橙','https://openfile.meizu.com/group1/M00/07/2C/Cgbj0FzvRI6AWu1jAAxIbnS8M5Q295.png680x680.jpg||https://openfile.meizu.com/group1/M00/07/43/Cgbj0VzvRIWAEoSVAAl1zk0bqho456.png680x680.jpg||https://openfile.meizu.com/group1/M00/07/2C/Cgbj0FzvRI2ARqQvAAQnVJv9w8c665.png680x680.jpg||https://openfile.meizu.com/group1/M00/07/44/Cgbj0VzvRI2AazXaAAIsQmL2NZM716.png680x680.jpg','冰丝白','https://openfile.meizu.com/group1/M00/07/43/Cgbj0VzvRISAOIAGAAanXG4x5QM415.png680x680.jpg||https://openfile.meizu.com/group1/M00/07/2B/Cgbj0FzvRH2Aa4NSAAHQnRNX5Fw681.png680x680.jpg||https://openfile.meizu.com/group1/M00/07/2B/Cgbj0FzvRH6AMkyjAAQUNN0L06c686.png680x680.jpg||https://openfile.meizu.com/group1/M00/07/43/Cgbj0VzvRH6Aac_tAAIdGgM8YLw811.png680x680.jpg','6+64GB/6+128GB'),(7,'01007','手机',4299,'高通骁龙 865 + UFS 3.1 高速闪存 | 6400W 全场景影像系统 | 定制三星 Super AMOLED 90 帧直屏 | 4500mAh 超大电池 + 30W 快充 | 智能全功能 NFC','魅族 17 航母限定版','舰灰','https://openfile.meizu.com/group1/M00/08/00/Cgbj0F7xzpyAa8HVAA4vgUaoAFA933.png680x680.jpg||https://openfile.meizu.com/group1/M00/07/D0/Cgbj0F61DiaAUrFgAAlOBN9oVeY163.png680x680.jpg||https://openfile.meizu.com/group1/M00/07/E5/Cgbj0V61DiOAceiCAAiPlsr4fe0156.png680x680.jpg||https://openfile.meizu.com/group1/M00/07/D0/Cgbj0F61DiKAeCu2AAYSOruTEfs661.png680x680.jpg','','','','','','','8+256GB'),(8,'01008','手机',899,'骁龙632 | 6.0 英寸全面屏 | 3600mAh 大电池 | mCharge 快充加持 | Dual PD 全像素双核对焦 |人脸指纹双解锁','魅族 Note8','曜黑','https://openfile.meizu.com/group1/M00/06/C4/Cgbj0FvQPm-AKpRJAANYUefuOfg281.png680x680.jpg||https://openfile.meizu.com/group1/M00/06/C2/Cgbj0FvQPkyAYLm-AAeHBY_8hwY127.png680x680.jpg||https://openfile.meizu.com/group1/M00/06/C3/Cgbj0FvQPmCAB4J9AAjQXlKrPyA451.png680x680.jpg||https://openfile.meizu.com/group1/M00/06/C3/Cgbj0FvQPliAH09-AANaoUYg1Wc407.png680x680.jpg','灰蓝','https://openfile.meizu.com/group1/M00/06/C4/Cgbj0FvQPnGAARnYAANgsrqZggE950.png680x680.jpg||https://openfile.meizu.com/group1/M00/06/D2/Cgbj0VvQPkyAW6bfAAhiDWaswik443.png680x680.jpg||https://openfile.meizu.com/group1/M00/06/C3/Cgbj0FvQPmeAYV0qAAkDJB0SnUQ364.png680x680.jpg||https://openfile.meizu.com/group1/M00/06/D3/Cgbj0VvQPl-AcAr7AANjBBom0x0095.png680x680.jpg','烟紫','https://openfile.meizu.com/group1/M00/06/C6/Cgbj0FvS5yWAZkC3AAQxqhurHi8122.png680x680.jpg||https://openfile.meizu.com/group1/M00/06/D3/Cgbj0VvQPleAYAR2AAtuSBS8PwY566.png680x680.jpg||https://openfile.meizu.com/group1/M00/06/D6/Cgbj0VvS5yWANIB2AAorvxMVvog021.png680x680.jpg||https://openfile.meizu.com/group1/M00/06/D6/Cgbj0VvS5ySAWkGvAAPYNBc5mTg605.png680x680.jpg','焰红','https://openfile.meizu.com/group1/M00/06/D3/Cgbj0VvQPm-AU7iSAAN3TL0zCwc952.png680x680.jpg||https://openfile.meizu.com/group1/M00/06/C2/Cgbj0FvQPkyAeA3jAAlxckyWpiE392.png680x680.jpg||https://openfile.meizu.com/group1/M00/06/D3/Cgbj0VvQPmaAJJ_8AAjqfW6zZpI896.png680x680.jpg||https://openfile.meizu.com/group1/M00/06/D3/Cgbj0VvQPliAdzCRAANqob0dHIc404.png680x680.jpg','4+32GB/4+64GB'),(9,'01009','手机',1898,'骁龙845 | 屏幕下指纹 | 前后2000万像素摄像头 | 6.0英寸屏幕 | mEngine | 超线性双扬声器 | 铜管散热','魅族 16th','静夜黑','https://openfile.meizu.com/group1/M00/05/F1/Cgbj0VtqgnWADjmlAAipoSE4bZM493.png680x680.jpg||https://openfile.meizu.com/group1/M00/05/E1/Cgbj0Ftqgm2AQo8kAALoIW3dU5E207.png680x680.jpg||https://openfile.meizu.com/group1/M00/05/E2/Cgbj0FtqgnSAEr3VAARgym8YDgE000.png680x680.jpg||https://openfile.meizu.com/group1/M00/05/F1/Cgbj0VtqgnSAO5g5AAIM3cZJ03Y881.png680x680.jpg','远山白','https://openfile.meizu.com/group1/M00/05/E1/Cgbj0FtqgmuAHzQbAAflWG0_wvs749.png680x680.jpg||https://openfile.meizu.com/group1/M00/05/F0/Cgbj0VtqgmaAHfhqAAFiPmKWlSs471.png680x680.jpg||https://openfile.meizu.com/group1/M00/05/F0/Cgbj0VtqgmaASQbXAAR4vsQCVjs385.png680x680.jpg||https://openfile.meizu.com/group1/M00/05/E1/Cgbj0FtqgmaAZbciAAIlAkUcoM0146.png680x680.jpg','极光蓝','https://openfile.meizu.com/group1/M00/06/AA/Cgbj0VujRsOANxDcAActMkyOOgg093.png680x680.jpg||https://openfile.meizu.com/group1/M00/06/9B/Cgbj0FujRryAHyYlAAFfDBvQEZQ725.png680x680.jpg||https://openfile.meizu.com/group1/M00/06/9B/Cgbj0FujRr2ADXdRAAU4Xd3yqgA872.png680x680.jpg||https://openfile.meizu.com/group1/M00/06/AA/Cgbj0VujRryAO9jRAAHTLhHAoF8836.png680x680.jpg',NULL,NULL,'6+64GB/6+128GB/8+128GB'),(10,'01010','手机',3099,'以梦为马 乘风破浪','魅族 16s 白夜童话限量礼盒','凝光白','https://openfile.meizu.com/group1/M00/07/3F/Cgbj0Vzt9L6AGWGwAA0JvJu7FS0814.png680x680.jpg||https://openfile.meizu.com/group1/M00/07/27/Cgbj0Fzt9L6ANK9XAAituxHJPnE439.png680x680.jpg||https://openfile.meizu.com/group1/M00/07/23/Cgbj0FzaXQqAH-L3AAeSSra0qAg862.png680x680.jpg',NULL,NULL,NULL,NULL,NULL,NULL,'6+128GB'),(11,'01011','手机',2399,'高通骁龙855 | 4800W光学防抖 | 对称式AMOLED全面屏 | 极速屏下指纹 | 全功能NFC','魅族 16s','碳纤黑','https://openfile.meizu.com/group1/M00/07/3B/Cgbj0VzaXQqAMN2pAAa47vx50YU413.png680x680.jpg||https://openfile.meizu.com/group1/M00/07/14/Cgbj0Fy9cyCAFTiJAALUkAwtnM0798.png680x680.jpg||https://openfile.meizu.com/group1/M00/07/14/Cgbj0Fy9cyiAapmYAAPdKnA-Nq4341.png680x680.jpg||https://openfile.meizu.com/group1/M00/07/2C/Cgbj0Vy9cy-AQHw_AAItbvBkEag325.png680x680.jpg','凝光白','https://openfile.meizu.com/group1/M00/07/23/Cgbj0FzaXQqAH-L3AAeSSra0qAg862.png680x680.jpg||https://openfile.meizu.com/group1/M00/07/2B/Cgbj0Vy9cyCAJAcTAARYGDQG_LQ316.png680x680.jpg||https://openfile.meizu.com/group1/M00/07/2B/Cgbj0Vy9cyWAWRixAAPvnU1hKGw908.png680x680.jpg||https://openfile.meizu.com/group1/M00/07/14/Cgbj0Fy9cyyAP04OAAJDA285jjE149.png680x680.jpg','幻影蓝','https://openfile.meizu.com/group1/M00/07/3B/Cgbj0VzaXQqAHUNIAAi8Q-a1EVI137.png680x680.jpg||https://openfile.meizu.com/group1/M00/07/14/Cgbj0Fy9cyCAKKZmAAXd7wyH2mc609.png680x680.jpg||https://openfile.meizu.com/group1/M00/07/2C/Cgbj0Vy9cymAeU41AAQalxoOVP0668.png680x680.jpg||https://openfile.meizu.com/group1/M00/07/15/Cgbj0Fy9czGARu4NAAJYl7ENVwk456.png680x680.jpg',NULL,NULL,'6+128GB/8+128GB/8+256GB'),(12,'01012','手机',1199,'骁龙675 | 后置4800万 | 前置2000万 | 独家定制水滴设计全面屏 | 4000mAh大容量电池 | 18W mCharge快充','魅族 Note9','幻黑','https://openfile.meizu.com/group1/M00/07/12/Cgbj0Vx_ZK6AaEObAAa1DJqn7us376.png680x680.jpg||https://openfile.meizu.com/group1/M00/07/02/Cgbj0Fx_ZKaAHKKzAANLbi_Jh9A009.png680x680.jpg||https://openfile.meizu.com/group1/M00/07/12/Cgbj0Vx_ZK2AeLuGAAOGkMdE1x4601.png680x680.jpg||https://openfile.meizu.com/group1/M00/07/03/Cgbj0Fx_ZK6AMuFWAAInES6rB6g430.png680x680.jpg','皓白','https://openfile.meizu.com/group1/M00/07/02/Cgbj0Fx_ZKSATnTJAAU3Ca8M6D8964.png680x680.jpg||https://openfile.meizu.com/group1/M00/07/11/Cgbj0Vx_ZJ-ABeyzAAFqjruDexM213.png680x680.jpg||https://openfile.meizu.com/group1/M00/07/11/Cgbj0Vx_ZJ-AGraoAANnMTTdNJU462.png680x680.jpg||https://openfile.meizu.com/group1/M00/07/02/Cgbj0Fx_ZJ-AOKshAAIEsqI1Tts496.png680x680.jpg','星耀蓝','https://openfile.meizu.com/group1/M00/07/03/Cgbj0Fx_ZMCAdyF9AAbOHZSdVO8974.png680x680.jpg||https://openfile.meizu.com/group1/M00/07/12/Cgbj0Vx_ZLSAUAkdAANZKmXVu-g519.png680x680.jpg||https://openfile.meizu.com/group1/M00/07/03/Cgbj0Fx_ZLqAOAZ7AAN4onnA0GY381.png680x680.jpg||https://openfile.meizu.com/group1/M00/07/13/Cgbj0Vx_ZLuADOmfAAI2auMhK38894.png680x680.jpg',NULL,NULL,'4+64GB/6+64GB/4+128GB'),(13,'01013','手机',1098,'骁龙710 | 6.2寸定制浅刘海屏 | 89.6%屏占比 | 旗舰双摄 | 人脸+指纹双解锁','魅族 X8','亮黑','https://openfile.meizu.com/group1/M00/06/A9/Cgbj0FusSK2AQZgiAAlFKHoO-co889.png680x680.jpg||https://openfile.meizu.com/group1/M00/06/A9/Cgbj0FusSLGAE44DAAeLveNy2X4743.png680x680.jpg||https://openfile.meizu.com/group1/M00/06/B7/Cgbj0VusSKmAGC6DAAaMxdXOpAY680.png680x680.jpg||https://openfile.meizu.com/group1/M00/06/A8/Cgbj0FusSKiAW4z7AALHc8pivJY472.png680x680.jpg','玉白','https://openfile.meizu.com/group1/M00/06/A8/Cgbj0FusSJyACGwcAAg0epdui5o951.png680x680.jpg||https://openfile.meizu.com/group1/M00/06/A8/Cgbj0FusSJ-AGjX5AAeYgVZv2Ic125.png680x680.jpg||https://openfile.meizu.com/group1/M00/06/B6/Cgbj0VusSJeAVPgvAAaYP_FCAkM778.png680x680.jpg||https://openfile.meizu.com/group1/M00/06/A8/Cgbj0FusSJaAAjWTAALGtSSMDPI480.png680x680.jpg','幻蓝','https://openfile.meizu.com/group1/M00/06/A9/Cgbj0FusSL6AS8w5AAhRPgc1bQE955.png680x680.jpg||https://openfile.meizu.com/group1/M00/06/A9/Cgbj0FusSMSAcoXWAAeTUKNXwM8613.png680x680.jpg||https://openfile.meizu.com/group1/M00/06/B8/Cgbj0VusSLuAB_vMAAaa_UqAUCY515.png680x680.jpg||https://openfile.meizu.com/group1/M00/06/A9/Cgbj0FusSLuAL43wAALEvh3vw_w196.png680x680.jpg',NULL,NULL,'4+64GB/6+64GB/4+128GB'),(14,'01014','手机',799,'5.7英寸HD+全面屏 智能美颜','魅族 V8 标配版','磨砂黑','https://openfile.meizu.com/group1/M00/06/99/Cgbj0FujMsWAcc7hAA4FjtGiUYA631.png680x680.jpg||https://openfile.meizu.com/group1/M00/06/9B/Cgbj0Vuhua6ADBHsAAYAVEmw0Fg211.png680x680.jpg||https://openfile.meizu.com/group1/M00/06/9C/Cgbj0VuhubeAKt9-AAgRWySRX8g448.png680x680.jpg||https://openfile.meizu.com/group1/M00/06/8D/Cgbj0FuhubaAQsFAAAMxQn-qBNA002.png680x680.jpg','纯白','https://openfile.meizu.com/group1/M00/06/A8/Cgbj0VujMsaARotEAApqTlqtwN4084.png680x680.jpg||https://openfile.meizu.com/group1/M00/06/8C/Cgbj0FuhuaWABzgXAAHwjZeVp1w152.png680x680.jpg||https://openfile.meizu.com/group1/M00/06/8C/Cgbj0FuhuaaAcW4IAAenZHVfJ8k858.png680x680.jpg||https://openfile.meizu.com/group1/M00/06/9B/Cgbj0VuhuaWABpVhAALpfmLPMkU494.png680x680.jpg',NULL,NULL,NULL,NULL,'3+32GB'),(15,'01015','手机',798,'Helio P22 处理器 | 5.7 英寸全面屏 | 后置双摄组合 | 双色温双闪光灯 | 人脸+指纹双解锁','魅族 V8 高配版','雅金','https://openfile.meizu.com/group1/M00/06/9C/Cgbj0FujaMOAWeYJAAVEg5SVzw0604.png680x680.jpg||https://openfile.meizu.com/group1/M00/06/8D/Cgbj0FuhxsGAfDJoAAqAjXQJ0Bc180.png680x680.jpg||https://openfile.meizu.com/group1/M00/06/9D/Cgbj0FujaM2ATKHAAAK_9p2vL-w061.png680x680.jpg||https://openfile.meizu.com/group1/M00/06/9D/Cgbj0VuhxseAaVgtAAOJ1SSAsxc511.png680x680.jpg','曜黑','https://openfile.meizu.com/group1/M00/06/9C/Cgbj0FujaMOAQn-WAAS2GptULwE816.png680x680.jpg||https://openfile.meizu.com/group1/M00/06/8D/Cgbj0FuhxriAVngfAAerjGBi9Eo962.png680x680.jpg||https://openfile.meizu.com/group1/M00/06/9C/Cgbj0VuhxriANvRQAAfirX6v7lM957.png680x680.jpg||https://openfile.meizu.com/group1/M00/06/9C/Cgbj0VuhxreAAmH_AAN9EUdbnR4712.png680x680.jpg','灰蓝','https://openfile.meizu.com/group1/M00/06/D5/Cgbj0VvRoBKAAgQFAALB3KRSW0U201.png680x680.jpg||https://openfile.meizu.com/group1/M00/06/D5/Cgbj0VvRoAaAfaYeAAigbEk4-dw476.png680x680.jpg||https://openfile.meizu.com/group1/M00/06/C5/Cgbj0FvRoBCATLQ_AAgTGiAHrAM996.png680x680.jpg||https://openfile.meizu.com/group1/M00/06/C4/Cgbj0FvRoAaAGFccAAOA9KAt_Sk811.png680x680.jpg','烟紫','https://openfile.meizu.com/group1/M00/06/D5/Cgbj0VvRoBmABjqyAAMvon37aMI421.png680x680.jpg||https://openfile.meizu.com/group1/M00/06/C4/Cgbj0FvRoAaAb002AAitd1zBk7c539.png680x680.jpg||https://openfile.meizu.com/group1/M00/06/C5/Cgbj0FvRoBKAaK3HAAglBrZT3hw222.png680x680.jpg||https://openfile.meizu.com/group1/M00/06/D5/Cgbj0VvRoA2AV-EqAAOBq-nt7h4808.png680x680.jpg','4+64GB'),(16,'01016','手机',1198,'骁龙710 | 屏幕下指纹 | 对称式全面屏 | 前置2000万像素 + AI人脸识别 | 后置索尼2000万像素双摄 + 光学防抖','魅族 16 X','砚墨黑','https://openfile.meizu.com/group1/M00/06/BC/Cgbj0FvINLWAZXL4AAz1Mo4DEhM073.png680x680.jpg||https://openfile.meizu.com/group1/M00/06/8B/Cgbj0FuhuRSAb5gFAAbE_1LV5J4607.png680x680.jpg||https://openfile.meizu.com/group1/M00/06/8B/Cgbj0FuhuRuAIaA_AAZ2zJxTzvE796.png680x680.jpg||https://openfile.meizu.com/group1/M00/06/9A/Cgbj0VuhuRqAXFtFAAKWDH4wXUY208.png680x680.jpg','汝窑白','https://openfile.meizu.com/group1/M00/06/CC/Cgbj0VvINLWAIlE-AAiaWpiehPA078.png680x680.jpg||https://openfile.meizu.com/group1/M00/06/9A/Cgbj0VuhuQuAJDKmAADzJgGebvw964.png680x680.jpg||https://openfile.meizu.com/group1/M00/06/9A/Cgbj0VuhuQuAf28UAAY_xQMGodA166.png680x680.jpg||https://openfile.meizu.com/group1/M00/06/8B/Cgbj0FuhuQuAT6roAAI6irYzLPQ372.png680x680.jpg','晨曦金','https://openfile.meizu.com/group1/M00/06/BC/Cgbj0FvINMCAYHwVAA9tzd_slxY751.png680x680.jpg||https://openfile.meizu.com/group1/M00/06/9A/Cgbj0VuhuSSAZ0uUAAqL3UvbaQg444.png680x680.jpg||https://openfile.meizu.com/group1/M00/06/8C/Cgbj0FuhuS6AZMOeAAagWKniRns103.png680x680.jpg||https://openfile.meizu.com/group1/M00/06/9B/Cgbj0VuhuS2AW_NTAAKsgp1Puj8475.png680x680.jpg','云山蓝','https://openfile.meizu.com/group1/M00/06/C2/Cgbj0FvQPgGAESmkAAOpYaFoRrk128.png680x680.jpg||https://openfile.meizu.com/group1/M00/06/C1/Cgbj0FvQPfaAA9_sAAuzRYGnlg4693.png680x680.jpg||https://openfile.meizu.com/group1/M00/06/C2/Cgbj0FvQPf6AcVhaAAb6P6mB0U0986.png680x680.jpg||https://openfile.meizu.com/group1/M00/06/C1/Cgbj0FvQPfSAORX1AAK7Cgs0iF8175.png680x680.jpg','6+64GB/^+128GB'),(17,'01017','手机',2098,'骁龙845 | 屏幕下指纹 | 前后2000万像素摄像头 | 6.5英寸屏幕 | 4×4 MIMO 天线 | mEngine | 超线性双扬声器','魅族 16th Plus','静夜黑','https://openfile.meizu.com/group1/M00/05/F0/Cgbj0VtqgkGAGR7oAAlO1raU1PA201.png680x680.jpg||https://openfile.meizu.com/group1/M00/05/E1/Cgbj0FtqgjiAKsrfAANgXYqK538272.png680x680.jpg||https://openfile.meizu.com/group1/M00/05/E1/Cgbj0FtqgkGAAJefAASvxzwhjFc615.png680x680.jpg||https://openfile.meizu.com/group1/M00/05/F0/Cgbj0Vtqgj-AQW52AAJZZteaDhA041.png680x680.jpg','远山白','https://openfile.meizu.com/group1/M00/05/E1/Cgbj0FtqgjeAY-5xAAhl9RcNy3s813.png680x680.jpg||https://openfile.meizu.com/group1/M00/05/EF/Cgbj0VtqgjGAcA5BAAFsx9dNlBM303.png680x680.jpg||https://openfile.meizu.com/group1/M00/05/EF/Cgbj0VtqgjGASVdnAATXgpiVvko560.png680x680.jpg||https://openfile.meizu.com/group1/M00/05/E0/Cgbj0FtqgjGAJ530AAJzkmWjqNA436.png680x680.jpg','极光蓝','https://openfile.meizu.com/group1/M00/06/9C/Cgbj0FujRzCAZxkkAAedSkVy740830.png680x680.jpg||https://openfile.meizu.com/group1/M00/06/AA/Cgbj0VujRymAPdzzAAFdRIVRDxA605.png680x680.jpg||https://openfile.meizu.com/group1/M00/06/AA/Cgbj0VujRyqAHF8kAAYcIYCqm5o221.png680x680.jpg||https://openfile.meizu.com/group1/M00/06/9B/Cgbj0FujRymAIdqqAAISRZaFBwk807.png680x680.jpg',NULL,NULL,'6+128GB/8+128GB/8+256GB'),(18,'01018','手机',799,'双摄全面屏，游戏长续航','魅蓝 6T','曜石黑','https://openfile.meizu.com/group1/M00/04/7D/Cgbj0FsM-iuAC1_rAAdqS97vQTk763.png680x680.jpg||https://openfile.meizu.com/group1/M00/04/7D/Cgbj0FsM-iWAHIIUAAOReO9LCh4720.png680x680.jpg||https://openfile.meizu.com/group1/M00/04/8C/Cgbj0VsM-iWALbRNAANxJDYaZvA593.png680x680.jpg||https://openfile.meizu.com/group1/M00/04/8C/Cgbj0VsM-iWAS7ecAAHZaB_-IJI619.png680x680.jpg','香槟金','https://openfile.meizu.com/group1/M00/04/7E/Cgbj0FsM-kmAHG7iAApxOdY93f4439.png680x680.jpg||https://openfile.meizu.com/group1/M00/04/8D/Cgbj0VsM-j2AZCVOAAb69GhrD8k959.png680x680.jpg||https://openfile.meizu.com/group1/M00/04/8D/Cgbj0VsM-kaAQlj1AAOXjkPTzt4011.png680x680.jpg||https://openfile.meizu.com/group1/M00/04/7E/Cgbj0FsM-kWAYt2AAAH1ihzR5-Y566.png680x680.jpg','珊瑚红','https://openfile.meizu.com/group1/M00/04/8C/Cgbj0VsM-jeAaERUAAqZR0r4AJo118.png680x680.jpg||https://openfile.meizu.com/group1/M00/04/7D/Cgbj0FsM-iyAe3H1AAcUradDtsk546.png680x680.jpg||https://openfile.meizu.com/group1/M00/04/7E/Cgbj0FsM-jaAd2CMAAOaHacFBbk453.png680x680.jpg||https://openfile.meizu.com/group1/M00/04/8C/Cgbj0VsM-jWAFFaeAAH-5USyIhA782.png680x680.jpg',NULL,NULL,'3+32GB/4+32GB/4+64GB'),(19,'01019','手机',1798,'三星8895处理器 2000万暗光双摄','魅族 15 Plus','玄武灰','https://openfile.meizu.com/group1/M00/04/0D/Cgbj0Frcbq2AZvrOAAzmE--38xg281.png680x680.jpg||https://openfile.meizu.com/group1/M00/04/1C/Cgbj0VrcbqyAJ4ZhAAVYAOO1YZs941.png680x680.jpg||https://openfile.meizu.com/group1/M00/04/1C/Cgbj0VrcbqOAa7YqAAb4PTYapg0397.png680x680.jpg||https://openfile.meizu.com/group1/M00/04/0D/Cgbj0FrcbqqAB9PbAAIY5Qbe9wk494.png680x680.jpg','砚墨','https://openfile.meizu.com/group1/M00/04/1B/Cgbj0Vrcbp-AQFzAAAwa60ww23U999.png680x680.jpg||https://openfile.meizu.com/group1/M00/04/0D/Cgbj0Frcbp2AHIlqAAVPc7JVIoE809.png680x680.jpg||https: //openfile.meizu.com/group1/M00/04/0C/Cgbj0FrcbpaAA9VEAAYDiehKqnU023.png680x680.jpg||https://openfile.meizu.com/group1/M00/04/1B/Cgbj0VrcbpyAA6BcAAIS93paJpU930.png680x680.jpg','雅金','https://openfile.meizu.com/group1/M00/04/1C/Cgbj0Vrcbr2AUHVsAA2nA6NadFk413.png680x680.jpg//openfile.meizu.com/group1/M00/04/0E/Cgbj0FrcbryAb5caAAWUqdCX12U297.png680x680.jpg||https://openfile.meizu.com/group1/M00/04/0D/Cgbj0FrcbrKAJbU0AAfoJEM5ZxM308.png680x680.jpg||https://openfile.meizu.com/group1/M00/04/1C/Cgbj0VrcbrqABPXBAAJKG9OIEkc923.png680x680.jpg',NULL,NULL,'6+64GB/6+128GB'),(20,'01020','手机',1398,'骁龙626 前置2000万AI智能美颜','魅族 M15','曜岩黑','https://openfile.meizu.com/group1/M00/04/09/Cgbj0FrcbgCARB47AAxMAuYuSB0748.png680x680.jpg||https://openfile.meizu.com/group1/M00/04/09/Cgbj0FrcbfqAM1cCAAW9NvJehVo530.png680x680.jpg||https://openfile.meizu.com/group1/M00/04/17/Cgbj0VrcbfqALcBIAAW31KAa7tc873.png680x680.jpg||https://openfile.meizu.com/group1/M00/04/17/Cgbj0VrcbfqAL7pcAAHi-YS0lOM627.png680x680.jpg','砂砾金','https://openfile.meizu.com/group1/M00/05/2F/Cgbj0Fsx5FCAWBbsAAPqrozimQA960.png680x680.jpg||https://openfile.meizu.com/group1/M00/04/18/Cgbj0VrcbhaAccENAAYZsfzHnfs774.png680x680.jpg||https://openfile.meizu.com/group1/M00/04/18/Cgbj0VrcbhGANZPYAArXmltyQ6U438.png680x680.jpg||https://openfile.meizu.com/group1/M00/04/0A/Cgbj0FrcbhOAUkJJAAI1CT-Z784502.png680x680.jpg','朱雀红','https://openfile.meizu.com/group1/M00/05/6C/Cgbj0Vs8gimAVv6gAANbe0OxmAA348.png680x680.jpg||https://openfile.meizu.com/group1/M00/05/5D/Cgbj0Fs8gimAE41gAAMJVxDmuP8613.png680x680.jpg||https://openfile.meizu.com/group1/M00/04/0A/Cgbj0FrcbgqASIv0AAYJwdEeLI0972.png680x680.jpg||https://openfile.meizu.com/group1/M00/04/18/Cgbj0VrcbgmAGzUBAAInETd6PBQ831.png680x680.jpg',NULL,NULL,'4+64GB'),(21,'01021','手机',1498,'骁龙660 | 2000万暗光双摄 | 3倍无损变焦 | mEngine触感引擎 | 立体声扬声器','魅族 15','砚墨','https://openfile.meizu.com/group1/M00/04/1A/Cgbj0VrcblGASw1bAAw5XLlyeCA103.png680x680.jpg||https://openfile.meizu.com/group1/M00/04/0B/Cgbj0Frcbk-AeEorAAXY_9lHYR4332.png680x680.jpg||https://openfile.meizu.com/group1/M00/04/19/Cgbj0VrcbkiAaSirAAXItYvB5Xo133.png680x680.jpg||https://openfile.meizu.com/group1/M00/04/19/Cgbj0Vrcbk6AYrRNAAHbf4qjn34636.png680x680.jpg','雅金','https://openfile.meizu.com/group1/M00/04/0B/Cgbj0Frcbl-AW590AA3GJO-oXOo441.png680x680.jpg||https://openfile.meizu.com/group1/M00/04/1A/Cgbj0Vrcbl6ALqcjAAYgIzzUyi0930.png680x680.jpg||https://openfile.meizu.com/group1/M00/04/1A/Cgbj0VrcblWANIwFAAdqQqzT4iU606.png680x680.jpg||https://openfile.meizu.com/group1/M00/04/0B/Cgbj0FrcblyANwakAAIXb_XuaD8791.png680x680.jpg','黛蓝','https://openfile.meizu.com/group1/M00/04/1B/Cgbj0Vrcbm6ASuSsAA2k227SgSE953.png680x680.jpg||https://openfile.meizu.com/group1/M00/04/0C/Cgbj0Frcbm2AY0JJAAYbJW0l_Ow586.png680x680.jpg||https://openfile.meizu.com/group1/M00/04/0C/Cgbj0FrcbmWAHQg6AAdh9X0xyKU175.png680x680.jpg||https://openfile.meizu.com/group1/M00/04/1A/Cgbj0VrcbmuAKEBSAAIXdHEmrlQ889.png680x680.jpg','汝窑白','https://openfile.meizu.com/group1/M00/04/19/Cgbj0VrcbkeAGLvaAAkeRww1CzQ341.png680x680.jpg||https://openfile.meizu.com/group1/M00/04/0A/Cgbj0FrcbkKAbf63AAXVQzrAU6E631.png680x680.jpg||https://openfile.meizu.com/group1/M00/04/0A/Cgbj0FrcbkGAPaiGAAEkDlyYfyk487.png680x680.jpg||https://openfile.meizu.com/group1/M00/04/19/Cgbj0VrcbkKAUTagAAG14T9MUOI402.png680x680.jpg','4+64GB/4+128GB'),(22,'01022','手机',1799,'骁龙636处理器 全系6G大运存','魅蓝 E3','香槟金','https://openfile.meizu.com/group1/M00/03/AE/Cgbj0Fq9-ouAOL2HAANLjpwwwP0396.png680x680.jpg||https://openfile.meizu.com/group1/M00/03/54/Cgbj0FqxxuWAfDCwAAWcQ5C6Lxk595.png680x680.jpg||https://openfile.meizu.com/group1/M00/03/53/Cgbj0Fqxxt6ANuNXAApcpI73XNI984.png680x680.jpg||https://openfile.meizu.com/group1/M00/03/61/Cgbj0Vqxxt6AWNV5AAHxG9vndi4092.png680x680.jpg','曜石黑','https://openfile.meizu.com/group1/M00/03/BB/Cgbj0Vq9-m-AS4eOAAsfTHA5OuM770.png680x680.jpg||https://openfile.meizu.com/group1/M00/03/61/Cgbj0VqxxsaAaVBUAAUyWvzuCfw410.png680x680.jpg||https://openfile.meizu.com/group1/M00/03/52/Cgbj0Fqxxr2ARnQXAAfnGvFvS6U691.png680x680.jpg||https://openfile.meizu.com/group1/M00/03/60/Cgbj0VqxxsCAOEVYAAGq8ZmRrYY127.png680x680.jpg','丹青','https://openfile.meizu.com/group1/M00/03/BC/Cgbj0Vq9-n-AU9yjAAOWsH1Y7Yw259.png680x680.jpg||https://openfile.meizu.com/group1/M00/03/61/Cgbj0VqxxtaATew4AAVfJ5RZKTA659.png680x680.jpg||https://openfile.meizu.com/group1/M00/03/61/Cgbj0Vqxxs6AYItzAAxwvBhLxWg747.png680x680.jpg||https://openfile.meizu.com/group1/M00/03/53/Cgbj0FqxxtCAfLujAAH-v4wYymw305.png680x680.jpg',NULL,NULL,'6+64GB/6+128GB'),(23,'01023','手机',999,'Exynos 7872疾速游戏芯片 侧面指纹解锁','魅蓝 S6','香槟金','https://openfile.meizu.com/group1/M00/03/01/Cgbj0Vpe_ACAHab5AA1MtHRFPes834.png680x680.jpg||https://openfile.meizu.com/group1/M00/03/01/Cgbj0Vpe-_mAehigAAqasU5-N7M416.png680x680.jpg||https://openfile.meizu.com/group1/M00/02/F3/Cgbj0Fpe_ACAKzlZAATc-eLbrAc456.png680x680.jpg||https://openfile.meizu.com/group1/M00/02/F3/Cgbj0Fpe-_mAEaP3AAJN7Byq7io719.png680x680.jpg','磨砂黑','https://openfile.meizu.com/group1/M00/03/00/Cgbj0Vpe--6AUAVIAAjLc7moXjw026.png680x680.jpg||https://openfile.meizu.com/group1/M00/02/F3/Cgbj0Fpe--mAS8YFAAW2F26p0h4069.png680x680.jpg||https://openfile.meizu.com/group1/M00/02/F3/Cgbj0Fpe-_CAVa-mAASCWc4u51k545.png680x680.jpg||https://openfile.meizu.com/group1/M00/02/F3/Cgbj0Fpe--iAF6XFAAHWGp1kOcg150.png680x680.jpg','月光银','https://openfile.meizu.com/group1/M00/02/F4/Cgbj0Fpe_CSADpnMAAj9ybOz_hU746.png680x680.jpg||https://openfile.meizu.com/group1/M00/02/F4/Cgbj0Fpe_B2AauJGAAWg2HBXgJI252.png680x680.jpg||https://openfile.meizu.com/group1/M00/03/02/Cgbj0Vpe_CSAHjXRAASNCtCu1Ls898.png680x680.jpg||https://openfile.meizu.com/group1/M00/03/02/Cgbj0Vpe_B2AeeSRAAHXA8COBgQ567.png680x680.jpg','淡钴蓝','https://openfile.meizu.com/group1/M00/02/F4/Cgbj0Fpe_BKAQlseAA0cvfYq5VY908.png680x680.jpg||https://openfile.meizu.com/group1/M00/02/F4/Cgbj0Fpe_AqAch5tAArXkC5ZDHc768.png680x680.jpg||https://openfile.meizu.com/group1/M00/03/01/Cgbj0Vpe_BGAYaejAASTA4pWdOs755.png680x680.jpg||https://openfile.meizu.com/group1/M00/03/01/Cgbj0Vpe_AqAXJePAAJGqMgJ6NA524.png680x680.jpg','3+32GB/3+64GB'),(24,'02001','声学',1099,'索尼主动降噪芯片 | 40mm镀铍振膜 | 触控操作 | USB - C 快充 | 轻奢品质','魅族 HD60 降噪耳机','雾银黑','https://openfile.meizu.com/group1/M00/07/E0/Cgbj0V6z8VSAV6kEAAlCc-omYno614.png680x680.jpg||https://openfile.meizu.com/group1/M00/07/CB/Cgbj0F6z8U6AHC0LAAuckwCET9o903.png680x680.jpg||https://openfile.meizu.com/group1/M00/07/CB/Cgbj0F6z8U2AXF4DAAcpgTobedU040.png680x680.jpg',NULL,NULL,NULL,NULL,NULL,NULL,NULL),(25,'02002','声学',399,'蓝牙5.0 | 单次8H续航 | 石墨烯振膜 | 双耳通话 | 轻触操作 | 轻盈舒适','魅族 POP2 真无线蓝牙耳机','皓月白','https://openfile.meizu.com/group1/M00/07/28/Cgbj0Vy9Jq6AEzhMAApuih_4TPw329.png680x680.jpg||https://openfile.meizu.com/group1/M00/07/28/Cgbj0Vy9Jq2APvH6AAdH__FYS70825.png680x680.jpg||https://openfile.meizu.com/group1/M00/07/11/Cgbj0Fy9JrWAQoMcAAWBvkANrpk395.png680x680.jpg',NULL,NULL,NULL,NULL,NULL,NULL,NULL),(26,'02003','声学',169,'高性能DAC芯片 | 纯净HiFi音质 | 600Ω高阻抗推力 | Type-C 转接线 | 音乐发烧友必备','魅族 HIFI 解码耳放','黑色','https://openfile.meizu.com/group1/M00/07/2F/Cgbj0Vy_C3GAN_TKAAExaPfTwFc180.png680x680.jpg||https://openfile.meizu.com/group1/M00/07/18/Cgbj0Fy_C3WAD8y0AACiEridFPM095.png680x680.jpg',NULL,NULL,NULL,NULL,NULL,NULL,NULL),(27,'02004','声学',129,'Hi-Res 认证高解析音质 | Type-C数字接口 | 高保真生物纤维振膜','魅族 EP3C 耳机','白色','https://openfile.meizu.com/group1/M00/07/63/Cgbj0V1l2ieAYKJGAAHMHuLWRMo374.png680x680.jpg||https://openfile.meizu.com/group1/M00/07/63/Cgbj0V1l2iKAKjwrAAHAx8jFFTk555.png680x680.jpg||https://openfile.meizu.com/group1/M00/07/4B/Cgbj0F1l2iKAB_CgAAFYVMIuGWI946.png680x680.jpg||https://openfile.meizu.com/group1/M00/07/4B/Cgbj0F1l2iKARn8bAAHUerweWa8059.png680x680.jpg',NULL,NULL,NULL,NULL,NULL,NULL,NULL),(28,'02005','声学',399,'AMS 芯片智能降噪 | Qualcomm apt-X™ 高清音质 | 蓝牙一拖二连接 | 11小时超长续航 | 快充15分钟畅听3小时','魅族 EP63NC 无线降噪耳机','玄武灰','https://openfile.meizu.com/group1/M00/07/10/Cgbj0Fy9JYOACw2DAAMWf3vEhbA886.png680x680.jpg||https://openfile.meizu.com/group1/M00/07/27/Cgbj0Vy9JX2AdgAuAAOcCBrZLcE823.png680x680.jpg||https://openfile.meizu.com/group1/M00/07/27/Cgbj0Vy9JX2AZqPjAAOzzlpRVmE254.png680x680.jpg||https://openfile.meizu.com/group1/M00/07/10/Cgbj0Fy9JX2AUGHJAAHx3V4UJwQ108.png680x680.jpg',NULL,NULL,NULL,NULL,NULL,NULL,NULL),(29,'02006','声学',499,'【APP超值砍价低至399元】40mm生物振膜 | Type-C充电 | 触控操作 | 蓝牙5.0 | 轻奢品质','魅族 HD60 头戴式蓝牙耳机','热带橙色','https://openfile.meizu.com/group1/M00/07/86/Cgbj0V3UocyAR_tJAApbDmCAyEo620.png680x680.jpg||https://openfile.meizu.com/group1/M00/07/70/Cgbj0F3UocyAURruAAvfFlYI_Jw940.png680x680.jpg||https://openfile.meizu.com/group1/M00/07/86/Cgbj0V3UocuAQnbLAAnMkgV6hKs023.png680x680.jpg','雾银黑色','https://openfile.meizu.com/group1/M00/07/78/Cgbj0V2unT2ACCMdAAjdK9xe2cI340.png680x680.jpg||https://openfile.meizu.com/group1/M00/07/78/Cgbj0V2unT6AQBa-AArySyU40Cs051.png680x680.jpg||https://openfile.meizu.com/group1/M00/07/61/Cgbj0F2unUaAXQEUAAiw7FnDiGo702.png680x680.jpg||https://openfile.meizu.com/group1/M00/07/61/Cgbj0F2unUWATtLwAAnIMbWIogM520.png680x680.jpg',NULL,NULL,NULL,NULL,NULL),(30,'02007','声学',39,'三键一体式线控 | 3.5mm接口','魅族 EP21耳机','白色','https://storeimg.meizu.com/product/1449643421-24522.png@680x680.jpg||https://storeimg.meizu.com/product/1449643546-44345.png@680x680.jpg||https://storeimg.meizu.com/product/1449643635-44506.png@680x680.jpg',NULL,NULL,NULL,NULL,NULL,NULL,NULL),(31,'02008','声学',499,'炫酷夜跑神器 随性张扬','魅族 HALO 激光蓝牙耳机','蓝色','https://openfile.meizu.com/group1/M00/04/17/Cgbj0VrcX6yABHxPAARZwWUAjc4748.png680x680.jpg||https://openfile.meizu.com/group1/M00/04/16/Cgbj0VrcX6OAAW6lAAPIqwaY3Yk458.png680x680.jpg||https://openfile.meizu.com/group1/M00/06/E1/Cgbj0VwA5jCAVNq3AARxYwtsFeI008.png680x680.jpg||https://openfile.meizu.com/group1/M00/06/D1/Cgbj0FwA5K6AdeU_AAorDn3t-Vs866.jpg680x680.jpg','红色','https://openfile.meizu.com/group1/M00/04/08/Cgbj0FrcX6iAfZfmAARPvQUH0FM087.png680x680.jpg||https://openfile.meizu.com/group1/M00/04/16/Cgbj0VrcX6OAAW6lAAPIqwaY3Yk458.png680x680.jpg||https://openfile.meizu.com/group1/M00/06/E1/Cgbj0VwA5AuAIu01AA7Zqhqlg9I506.jpg680x680.jpg||https://openfile.meizu.com/group1/M00/06/D1/Cgbj0FwA5K6AdeU_AAorDn3t-Vs866.jpg680x680.jpg',NULL,NULL,NULL,NULL,NULL),(32,'02009','声学',129,'【APP超值砍价低至95元】轻巧亲肤 | 生物纤维振膜 | 8小时续航 | IPX5级防水','魅族 EP52 Lite 蓝牙耳机','月白','https://openfile.meizu.com/group1/M00/06/97/Cgbj0Fui_-OAIlOuAAIlimOCLcA452.png680x680.jpg||https://openfile.meizu.com/group1/M00/06/A6/Cgbj0Vui_-mAIuFfAAProuzl8DA939.png680x680.jpg||https://openfile.meizu.com/group1/M00/06/97/Cgbj0Fui__CAd4q9AAeppUwGCig680.png680x680.jpg','深蓝','https://openfile.meizu.com/group1/M00/06/97/Cgbj0Fui_-SAO6IgAARPVTFhby0701.png680x680.jpg||https://openfile.meizu.com/group1/M00/06/97/Cgbj0Fui_-qAa4isAAPCiphjtvk287.png680x680.jpg||https://openfile.meizu.com/group1/M00/06/A7/Cgbj0Vui__GAY72EAAhHxkugXuY418.png680x680.jpg','云灰','https://openfile.meizu.com/group1/M00/06/A6/Cgbj0Vui_-SASKMsAAQO9wrBG1Q074.png680x680.jpg||https://openfile.meizu.com/group1/M00/06/A6/Cgbj0Vui_-qAXoLJAAQoqyu4Clk928.png680x680.jpg||https://openfile.meizu.com/group1/M00/06/97/Cgbj0Fui__KAOhpVAAjbM7rGch8467.png680x680.jpg',NULL,NULL,NULL),(33,'02010','声学',269,'性能DAC芯片 | 超强二级运放 | Hi-Res 认证高解析音质 | 高阻抗推力 | Type-C转接线','魅族 HiFi 解码耳放 PRO','黑色','https://openfile.meizu.com/group1/M00/07/4C/Cgbj0F1l4LyAR44oAAJKhE-uRA8619.png680x680.jpg||https://openfile.meizu.com/group1/M00/07/63/Cgbj0V1l4LuAVlyxAAD-fDIXAwE664.png680x680.jpg||https://openfile.meizu.com/group1/M00/07/64/Cgbj0V1l4MCAAGgGAAI6ftO3IlQ459.png680x680.jpg',NULL,NULL,NULL,NULL,NULL,NULL,NULL),(34,'02011','声学',1099,'Knowles四动铁 双通道导音系统 现场级音乐表现','魅族 LIVE 四单元动铁耳机','银色','https://openfile.meizu.com/group1/M00/02/EF/Cgbj0FpeqaKAYLSmAATXqR4BPH8829.png680x680.jpg||https://openfile.meizu.com/group1/M00/02/FD/Cgbj0VpeqaKAHV5ZAAPL0xdfesY948.png680x680.jpg||https://openfile.meizu.com/group1/M00/02/EF/Cgbj0FpeqaKANO8gAAOof9DmMiY687.png680x680.jpg||https://openfile.meizu.com/group1/M00/02/F0/Cgbj0FpeqaeAVOpbAAMSIlpRyo4296.png680x680.jpg',NULL,NULL,NULL,NULL,NULL,NULL,NULL),(35,'02012','声学',200,'【预约专用】私人定制，为你而声','MEIZU UR 高端定制耳机 预约','蓝色','https://openfile.meizu.com/group1/M00/07/4D/Cgbj0F1l7zeAFyLsAAZJk_cF8Tk126.png680x680.jpg||https://openfile.meizu.com/group1/M00/07/64/Cgbj0V1l7zGAcVpVAAW9Pwx9c2s248.png680x680.jpg||https://openfile.meizu.com/group1/M00/07/64/Cgbj0V1l7zGAXJDDAAWk1OcsLqQ828.jpg680x680.jpg||https://openfile.meizu.com/group1/M00/07/4D/Cgbj0F1l7zGAEchIAAWAHw9PTOQ714.jpg680x680.jpg',NULL,NULL,NULL,NULL,NULL,NULL,NULL),(36,'02013','声学',69,'一体式线控 | 3.5mm接口 | 流线设计','魅族 EP2X 耳机','珍珠黑','https://openfile.meizu.com/group1/M00/00/A2/Cix_s1gcTHCANftiAAErzSizI8c299.png680x680.jpg||https://openfile.meizu.com/group1/M00/00/A1/CnQOjVgcTHCAXNI5AAFhUsyWVeM680.png680x680.jpg||https://openfile.meizu.com/group1/M00/00/A2/Cix_s1gcTHGAB-DXAADPHff_mNQ945.png680x680.jpg||https://openfile.meizu.com/group1/M00/00/A1/CnQOjVgcTHKAKfk3AADagmucX-w385.png680x680.jpg','皓月白','https://openfile.meizu.com/group1/M00/00/A1/CnQOjVgcTHKAKfk3AADagmucX-w385.png680x680.jpg||https://openfile.meizu.com/group1/M00/00/A2/Cix_s1gcTG6AU9s_AAFJSpwIoYM569.png680x680.jpg||https://openfile.meizu.com/group1/M00/00/A1/CnQOjVgcTG6AfVK-AADlTeFth4o511.png680x680.jpg||https://openfile.meizu.com/group1/M00/00/A2/CnQOjVgcVpiAYVB3AACSrS0YLjs432.png680x680.jpg',NULL,NULL,NULL,NULL,NULL),(37,'02014','声学',129,'轻巧亲肤 | 生物纤维振膜 | 8小时续航 | IPX5级防水','【APP超值砍价】-魅族 EP52 Lite 蓝牙耳机','月白','https://openfile.meizu.com/group1/M00/06/97/Cgbj0Fui_-OAIlOuAAIlimOCLcA452.png680x680.jpg||https://openfile.meizu.com/group1/M00/06/A6/Cgbj0Vui_-mAIuFfAAProuzl8DA939.png680x680.jpg||https://openfile.meizu.com/group1/M00/06/97/Cgbj0Fui__CAd4q9AAeppUwGCig680.png680x680.jpg','深蓝','https://openfile.meizu.com/group1/M00/06/97/Cgbj0Fui_-SAO6IgAARPVTFhby0701.png680x680.jpg||https://openfile.meizu.com/group1/M00/06/97/Cgbj0Fui_-qAa4isAAPCiphjtvk287.png680x680.jpg||https://openfile.meizu.com/group1/M00/06/A7/Cgbj0Vui__GAY72EAAhHxkugXuY418.png680x680.jpg','云灰','https://openfile.meizu.com/group1/M00/06/A6/Cgbj0Vui_-SASKMsAAQO9wrBG1Q074.png680x680.jpg||https://openfile.meizu.com/group1/M00/06/A6/Cgbj0Vui_-qAXoLJAAQoqyu4Clk928.png680x680.jpg||https://openfile.meizu.com/group1/M00/06/97/Cgbj0Fui__KAOhpVAAjbM7rGch8467.png680x680.jpg',NULL,NULL,NULL),(38,'02015','声学',129,'Hi-Res 认证高解析音质 | Type-C数字接口 | 高保真生物纤维振膜','【Flyme 8周年】-魅族 EP3C 耳机','白色','https://openfile.meizu.com/group1/M00/07/63/Cgbj0V1l2ieAYKJGAAHMHuLWRMo374.png680x680.jpg||https://openfile.meizu.com/group1/M00/07/63/Cgbj0V1l2iKAKjwrAAHAx8jFFTk555.png680x680.jpg||https:|//openfile.meizu.com/group1/M00/07/4B/Cgbj0F1l2iKAB_CgAAFYVMIuGWI946.png680x680.jpg||https://openfile.meizu.com/group1/M00/07/4B/Cgbj0F1l2iKARn8bAAHUerweWa8059.png680x680.jpg',NULL,NULL,NULL,NULL,NULL,NULL,NULL),(39,'02016','声学',169,'高性能DAC芯片 | 纯净HiFi音质 | 600Ω高阻抗推力 | Type-C 转接线 | 音乐发烧友必备','【Flyme 8周年】-魅族 HIFI 解码耳放','黑色','https://openfile.meizu.com/group1/M00/07/2F/Cgbj0Vy_C3GAN_TKAAExaPfTwFc180.png680x680.jpg||https://openfile.meizu.com/group1/M00/07/18/Cgbj0Fy_C3WAD8y0AACiEridFPM095.png680x680.jpg',NULL,NULL,NULL,NULL,NULL,NULL,NULL),(40,'02017','声学',399,'蓝牙5.0 | 单次8H续航 | 石墨烯振膜 | 双耳通话 | 轻触操作 | 轻盈舒适','【Flyme 8周年】-魅族 POP2 真无线蓝牙耳机','皓月白','https://openfile.meizu.com/group1/M00/07/28/Cgbj0Vy9Jq6AEzhMAApuih_4TPw329.png680x680.jpg||https://openfile.meizu.com/group1/M00/07/28/Cgbj0Vy9Jq2APvH6AAdH__FYS70825.png680x680.jpg||https://openfile.meizu.com/group1/M00/07/11/Cgbj0Fy9JrWAQoMcAAWBvkANrpk395.png680x680.jpg',NULL,NULL,NULL,NULL,NULL,NULL,NULL),(41,'02018','声学',499,'AMS 芯片智能降噪 | Qualcomm apt-X™ 高清音质 | 蓝牙一拖二连接 | 11小时超长续航 | 快充15分钟畅听3小时','【Flyme 8周年】-魅族 EP63NC 无线降噪耳机','玄武灰','https://openfile.meizu.com/group1/M00/07/10/Cgbj0Fy9JYOACw2DAAMWf3vEhbA886.png680x680.jpg||https://openfile.meizu.com/group1/M00/07/27/Cgbj0Vy9JX2AdgAuAAOcCBrZLcE823.png680x680.jpg||https://openfile.meizu.com/group1/M00/07/27/Cgbj0Vy9JX2AZqPjAAOzzlpRVmE254.png680x680.jpg||https://openfile.meizu.com/group1/M00/07/10/Cgbj0Fy9JX2AUGHJAAHx3V4UJwQ108.png680x680.jpg',NULL,NULL,NULL,NULL,NULL,NULL,NULL),(42,'02019','声学',1099,'索尼主动降噪芯片 | 40mm镀铍振膜 | 触控操作 | USB - C 快充 | 轻奢品质','【Flyme 8周年】-魅族 HD60 降噪耳机','雾银黑','https://openfile.meizu.com/group1/M00/07/E0/Cgbj0V6z8VSAV6kEAAlCc-omYno614.png680x680.jpg||https://openfile.meizu.com/group1/M00/07/CB/Cgbj0F6z8U6AHC0LAAuckwCET9o903.png680x680.jpg||https://openfile.meizu.com/group1/M00/07/CB/Cgbj0F6z8U2AXF4DAAcpgTobedU040.png680x680.jpg',NULL,NULL,NULL,NULL,NULL,NULL,NULL),(43,'02020','声学',129,'钕铁硼单元 Type-C接口','魅族 EP2C 耳机','珍珠黑','https://openfile.meizu.com/group1/M00/07/29/Cgbj0FzvN5eAOhF_AAG4VJC6XfM942.png680x680.jpg||https://openfile.meizu.com/group1/M00/07/41/Cgbj0VzvN5eAOPuqAAG84fJepuw792.png680x680.jpg||https://openfile.meizu.com/group1/M00/07/29/Cgbj0FzvN5uAQ_xXAAE23LBCllI127.png680x680.jpg||https://openfile.meizu.com/group1/M00/07/41/Cgbj0VzvN5eALYOBAAEHniJh_i4634.png680x680.jpg',NULL,NULL,NULL,NULL,NULL,NULL,NULL),(44,'02021','声学',89,'独立音频芯片 | 一键控制 | 6小时续航 | 轻巧设计','魅族蓝牙音频接收器','皓月白','https://openfile.meizu.com/group1/M00/06/70/Cgbj0FuZwuGADzVHAAG7wQGHkAM447.png680x680.jpg||https://openfile.meizu.com/group1/M00/06/81/Cgbj0VuaDYiAXJf3AAGrTbJmvOU044.png680x680.jpg||https://openfile.meizu.com/group1/M00/06/72/Cgbj0FuaDYiARk4UAAKBs-c37T0401.png680x680.jpg','钢琴黑','https://openfile.meizu.com/group1/M00/06/80/Cgbj0VuZwuGAUc9zAAIBeR5SbOs846.png680x680.jpg||https://openfile.meizu.com/group1/M00/06/7F/Cgbj0VuZwtaAJYAsAAHKI0mHCJ8762.png680x680.jpg||https://openfile.meizu.com/group1/M00/06/7F/Cgbj0VuZwtaANK29AAK0BRKAkV0714.png680x680.jpg',NULL,NULL,NULL,NULL,NULL),(45,'03001','配件',169,'魅族 17 Pro 适用 | 27W 无线快充 | 主动散热 | 智能静音 | 玉润设计','魅族无线超充板','白色','https://openfile.meizu.com/group1/M00/06/7F/Cgbj0VuZwtaANK29AAK0BRKAkV0714.png680x680.jpg||https://openfile.meizu.com/group1/M00/07/CA/Cgbj0F6z756ARzjVAAXagBfP_Ps448.png680x680.jpg||https://openfile.meizu.com/group1/M00/07/CA/Cgbj0F6z756AQbX5AATlnYpNc8Y843.png680x680.jpg||https://openfile.meizu.com/group1/M00/07/DF/Cgbj0V6z756AbYouAANjaNL0Oog134.png680x680.jpg',NULL,NULL,NULL,NULL,NULL,NULL,NULL),(46,'03002','配件',49,'魅族 17 / 魅族 17 Pro 适用 | Pandaer 家族 | 潮趣个性 | 官方适配','Pandaer 「17」系列 手机壳','黑色引力','https://openfile.meizu.com/group1/M00/07/C7/Cgbj0F6z7g-AHZCvAA2-5hsWdy8902.png680x680.jpg','太空漫游','https://openfile.meizu.com/group1/M00/07/C7/Cgbj0F6z7g-AF5S1AA8zScC2y3s686.png680x680.jpg','赛博熊','https://openfile.meizu.com/group1/M00/07/DD/Cgbj0V6z7haARr_lAA6QrIQwc1A422.png680x680.jpg','一只熊','https://openfile.meizu.com/group1/M00/07/DD/Cgbj0V6z7g-AMmMHAAkLeDbS6O4698.png680x680.jpg',NULL),(47,'03003','配件',89,'魅族 17 / 魅族 17 Pro 适用 | 官方适配 | 魅族手感 | 柔韧保护','魅族 17 系列 液态硅胶壳','象牙白','https://openfile.meizu.com/group1/M00/07/C8/Cgbj0F6z7ouAZZHfAAOjT25wD7w249.png680x680.jpg','刷新绿','https://openfile.meizu.com/group1/M00/07/C8/Cgbj0F6z7ouAdDUlAAgE_65zxx0628.png680x680.jpg||https://openfile.meizu.com/group1/M00/07/C8/Cgbj0F6z7pKAcoPxAA0OQkmMTkw001.png680x680.jpg',NULL,NULL,NULL,NULL,NULL),(48,'03004','配件',49,'5A 大电流 | Type-C 接口 | 更快更方便','魅族 Type-C 数据线','白色','https://openfile.meizu.com/group1/M00/07/D5/Cgbj0V6o2n-ACbZsAAGnmeZVVRs678.png680x680.jpg||https://openfile.meizu.com/group1/M00/07/BF/Cgbj0F6o2n-AEwG_AAIMQQfIZOg393.png680x680.jpg||https://openfile.meizu.com/group1/M00/07/BF/Cgbj0F6o2n-AbpZ9AADbDABSZC0072.png680x680.jpg',NULL,NULL,NULL,NULL,NULL,NULL,NULL),(49,'03005','配件',49,'Type-C 接口 | 5A大电流 | 弯头专为游戏设计 | 耐磨编织材料','魅族 Type-C 游戏专用线','红色','https://openfile.meizu.com/group1/M00/07/AB/Cgbj0F5u8euASZyLAAcq4oEH89w043.png680x680.jpg||https://openfile.meizu.com/group1/M00/07/C1/Cgbj0V5u8eqAGzBBAANR43XsxN8566.png680x680.jpg||https://openfile.meizu.com/group1/M00/07/AB/Cgbj0F5u8eqAegyYAAJOG9b96Fo038.png680x680.jpg',NULL,NULL,NULL,NULL,NULL,NULL,NULL),(50,'03006','配件',39,'Type-C 接口 | 3A大电流 | 耐磨编织材料','魅族中国红 Type-C 金属编织线','红色','https://openfile.meizu.com/group1/M00/07/AB/Cgbj0F5u8eqAegyYAAJOG9b96Fo038.png680x680.jpg||https://openfile.meizu.com/group1/M00/07/7E/Cgbj0F37HNOAIkNGAANOI1XJSqE509.png680x680.jpg||https://openfile.meizu.com/group1/M00/07/95/Cgbj0V37HNKAByHeAAIrR-l4aJY056.png680x680.jpg',NULL,NULL,NULL,NULL,NULL,NULL,NULL),(51,'03007','配件',79,'10000mAh | 18W双向快充 | 12重安全防护','魅族移动电源3','静谧黑','https://openfile.meizu.com/group1/M00/06/BD/Cgbj0FvJjK6AAcw8AAPKzUsctEA769.png680x680.jpg||https://openfile.meizu.com/group1/M00/06/CD/Cgbj0VvJjK-AbRsTAASpjdD81rI585.png680x680.jpg||https://openfile.meizu.com/group1/M00/06/BD/Cgbj0FvJjLKAEklPAARbXywUib8331.png680x680.jpg||https://openfile.meizu.com/group1/M00/06/CD/Cgbj0VvJjLaANi-wAAGxC5ss3fw886.png680x680.jpg','简约白','https://openfile.meizu.com/group1/M00/06/CC/Cgbj0VvJjKeATLxsAAF7_uDseks390.png680x680.jpg||https://openfile.meizu.com/group1/M00/06/BC/Cgbj0FvJjKeAcgynAAFFAUQ7Jkc389.png680x680.jpg||https://openfile.meizu.com/group1/M00/06/BC/Cgbj0FvJjKeATmUqAAImOptGaEo086.png680x680.jpg||https://openfile.meizu.com/group1/M00/06/CD/Cgbj0VvJjK2AEa5HAACchwAz2lQ263.png680x680.jpg',NULL,NULL,NULL,NULL,NULL),(52,'03008','配件',69,'快速充电 安全无忧','快充电源适配器（UP0830S）','白色','https://storeimg.meizu.com/product/1467170145-52479.png@680x680.jpg||https://storeimg.meizu.com/product/1467170185-26471.png@680x680.jpg||https://storeimg.meizu.com/product/1467170242-41341.png@680x680.jpg||https://storeimg.meizu.com/product/1467170319-18407.png@680x680.jpg',NULL,NULL,NULL,NULL,NULL,NULL,NULL),(53,'03009','配件',99,'10W快速充电 无线即放即充','魅族无线充电器','白色','https://openfile.meizu.com/group1/M00/04/15/Cgbj0VrcXw2AL0tBAApTh_xwKKk709.png680x680.jpg||https:////openfile.meizu.com/group1/M00/04/07/Cgbj0FrcXxCAdJ9NAAyHOpHoi0M342.png680x680.jpg||https://openfile.meizu.com/group1/M00/04/07/Cgbj0FrcXw2AQ1olAAmXHqoPKqc595.png680x680.jpg||https://openfile.meizu.com/group1/M00/04/15/Cgbj0VrcXwyADyomAAD20B4ZGvM936.png680x680.jpg',NULL,NULL,NULL,NULL,NULL,NULL,NULL),(54,'03010','配件',29,'广泛兼容各大品牌Micro USB接口手机 | 经久耐用','魅族 Micro USB 数据线','白色','https://storeimg.meizu.com/product/1458617159-29477.png@680x680.jpg',NULL,NULL,NULL,NULL,NULL,NULL,NULL),(55,'03011','配件',39,'亲肤亲近，安全防护','魅族 16T 亲肤壳膜套装','黑色/透明','https://openfile.meizu.com/group1/M00/07/64/Cgbj0F2uq9aAXMT6AAcqvIHVuH4818.png680x680.jpg||https://openfile.meizu.com/group1/M00/07/7B/Cgbj0V2uq9aAPHcHAAXoi6x5fxM875.png680x680.jpg||https://openfile.meizu.com/group1/M00/07/64/Cgbj0F2uq9WANsriAANvtIo9HPk729.png680x680.jpg',NULL,NULL,NULL,NULL,NULL,NULL,NULL),(56,'03012','配件',49,'【新款数据线】双 USB-C 接口 | 5A 大电流 | 耐磨编织材料 | E-Marker 芯片','魅族双 USB-C 快充线','红色',' https://openfile.meizu.com/group1/M00/07/F7/Cgbj0F7jIyOAaKEWAAdLI30DPuc780.png680x680.jpg||https://openfile.meizu.com/group1/M00/07/F7/Cgbj0F7jIyOAeoHiAARpq7dyb90616.png680x680.jpg||https://openfile.meizu.com/group1/M00/08/0D/Cgbj0V7jIyOANnOwAAQ0-i0HQwU710.png680x680.jpg',NULL,NULL,NULL,NULL,NULL,NULL,NULL),(57,'03013','配件',69,'USB-C 转 Lightning | MFi 认证 | 3A 大电流 | PD 快充 | 兼容大部分苹果设备','Lifeme PD 快充线','白色','https://openfile.meizu.com/group1/M00/07/F8/Cgbj0V7Qy2mAVnM6AARv0cdv8JI919.png680x680.jpg||https://openfile.meizu.com/group1/M00/07/F8/Cgbj0V7Qy2mAEBbwAAIBsgECyJ8703.png680x680.jpg||https://openfile.meizu.com/group1/M00/07/E2/Cgbj0F7Qy2mAHCR7AAF-Q4JVmJM749.png680x680.jpg',NULL,NULL,NULL,NULL,NULL,NULL,NULL),(58,'03014','配件',169,'【即将发售】USB-C 双向超充 | 22.5W 大功率 | 数字电量显示 | 多快充协议支持','魅族超充 USB-C 移动电源','白色','https://openfile.meizu.com/group1/M00/07/D4/Cgbj0F64-fCANzfvAAMAQSi_H7U780.png680x680.jpg||https://openfile.meizu.com/group1/M00/07/E0/Cgbj0V6z8SqAJnzGAAIdgNvV3ig798.png680x680.jpg||https://openfile.meizu.com/group1/M00/07/E0/Cgbj0V6z8SWAP6ryAAI6LcsvNns822.png680x680.jpg||https://openfile.meizu.com/group1/M00/07/CA/Cgbj0F6z8SWANuwwAAGpGx8xSwI493.png680x680.jpg',NULL,NULL,NULL,NULL,NULL,NULL,NULL),(59,'03015','配件',199,'65W MAX功率输出 | GaN 芯片 | 安全小巧 | 三口输出','魅族超充 GaN 三口充电器','白色','https://openfile.meizu.com/group1/M00/07/D7/Cgbj0F67s3yAYmI6AAIrMK1gFWU758.png680x680.jpg||https://openfile.meizu.com/group1/M00/07/EC/Cgbj0V67s3eAUF1pAANHPpwEc34539.png680x680.jpg||https://openfile.meizu.com/group1/M00/07/EC/Cgbj0V67s32AelFQAAHoZQa-Quw835.png680x680.jpg||https://openfile.meizu.com/group1/M00/07/EC/Cgbj0V67s3eAXzYKAAJIJYoEv8o783.png680x680.jpg',NULL,NULL,NULL,NULL,NULL,NULL,NULL),(60,'03016','配件',19,'高透光率 助双眼捕捉每一颗像素的色彩','魅族 V8 高配版高透保护膜','透明','https://openfile.meizu.com/group1/M00/06/EE/Cgbj0VwRr8OAK0BlAApiHfXlhQA575.png680x680.jpg||https://openfile.meizu.com/group1/M00/06/BC/Cgbj0Vut9hyAWbdqAABKrgUaOmU151.png680x680.jpg',NULL,NULL,NULL,NULL,NULL,NULL,NULL),(61,'03017','配件',19,'【限时包邮】高透光率 助双眼捕捉每一颗像素的色彩','魅族 X8 高透保护膜','透明','https://openfile.meizu.com/group1/M00/06/DF/Cgbj0FwRr8uAZTsVAAhGUe23fjs268.png680x680.jpg||https://openfile.meizu.com/group1/M00/06/DD/Cgbj0Vvj2JOANE0OAADeYtzhIa8093.png680x680.jpg',NULL,NULL,NULL,NULL,NULL,NULL,NULL),(62,'03018','配件',29,'USB2.0接口 | 支持2A快速充电 | 尼龙扁线 | 兼容主流安卓手机、平板等设备','魅族 Micro USB 金属数据线','银色','https://storeimg.meizu.com/product/1467363452-36956.png@680x680.jpg||https://storeimg.meizu.com/product/1467363501-48892.png@680x680.jpg','金色','https://storeimg.meizu.com/product/1467363284-86213.png@680x680.jpg||https://storeimg.meizu.com/product/1467363361-94305.png@680x680.jpg',NULL,NULL,NULL,NULL,NULL),(63,'04001','生活',299,'【限时领40元券】创新外观设计 | 扩容超大容量 | 人体工学背负 | 轻盈减负重量 | 颜值安全插扣 | 相机包新搭配','Lifeme 双肩包','森林','https://openfile.meizu.com/group1/M00/07/DF/Cgbj0V6z7uiAJMl5AA7x6BjMe3s567.png680x680.jpg||https://openfile.meizu.com/group1/M00/07/C9/Cgbj0F6z7uiADhqnAApBr0HxF4I075.png680x680.jpg','曜石','https://openfile.meizu.com/group1/M00/07/DE/Cgbj0V6z7t-AAKILAAaIIslx2KA003.png680x680.jpg||https://openfile.meizu.com/group1/M00/07/C9/Cgbj0F6z7t-AQF58AAcGO_loJ5w686.png680x680.jpg||https://openfile.meizu.com/group1/M00/07/DE/Cgbj0V6z7t6Aa9d0AAg43fHZsWI919.png680x680.jpg','雪山','https://openfile.meizu.com/group1/M00/07/C9/Cgbj0F6z72eAH24-AAmV6ys0sis567.png680x680.jpg||https://openfile.meizu.com/group1/M00/07/DF/Cgbj0V6z72eATvhLAArDTGGsJ_s996.png680x680.jpg||https://openfile.meizu.com/group1/M00/07/DF/Cgbj0V6z72eAZkkXAAolc31wVhM269.png680x680.jpg',NULL,NULL,NULL),(64,'04002','生活',269,'【限时领120元券】潮酷印花 | 丝绸手感 | 100％长绒棉','Pandaer 「17」系列 T恤','黑色 赛博熊','https://openfile.meizu.com/group1/M00/07/DD/Cgbj0V6z7k-AUrRgAAQ7fTJQLLI525.png680x680.jpg||https://openfile.meizu.com/group1/M00/07/C8/Cgbj0F6z7k-APqBeAANFsWchns4930.png680x680.jpg','白色 太空漫游','https://openfile.meizu.com/group1/M00/07/DE/Cgbj0V6z7lmAL-vFAAm1Zf5GeYY782.png680x680.jpg||https://openfile.meizu.com/group1/M00/07/C8/Cgbj0F6z7lmAKGlUAAPtu9f4enQ521.png680x680.jpg','黑色 宇航员','https://openfile.meizu.com/group1/M00/07/E1/Cgbj0V6z95-AG3qZAA1CJRs2wBU572.png680x680.jpg||https://openfile.meizu.com/group1/M00/07/CC/Cgbj0F6z95-AMcTqAAzDUwAD2_w016.png680x680.jpg',NULL,NULL,NULL),(65,'04003','生活',99,'潮酷印花 | 超大容量 | 透亮设计','Pandaer 「17」系列 果冻包','蓝色','https://openfile.meizu.com/group1/M00/07/E7/Cgbj0V61KNCAUduZAAqsAnm8x-0400.png680x680.jpg||https://openfile.meizu.com/group1/M00/07/CB/Cgbj0F6z8ZiAZW1-AAYfYOQ0G-Y047.jpg680x680.jpg','透明','https://openfile.meizu.com/group1/M00/07/CC/Cgbj0F6z8aGAc1qLAAGHtke89w0802.jpg680x680.jpg||https://openfile.meizu.com/group1/M00/07/E1/Cgbj0V6z8aKAUSULAAGfaJ7RoMA113.jpg680x680.jpg||https://openfile.meizu.com/group1/M00/07/E1/Cgbj0V6z8Z-AVaH0AAStNnF2QFg900.jpg680x680.jpg',NULL,NULL,NULL,NULL,NULL),(66,'04004','生活',129,'相机包新搭配 | 一机两镜超大容量 | 加厚防冲击材料','Lifeme 相机包','灰黑','https://openfile.meizu.com/group1/M00/07/DF/Cgbj0V6z74aAO--aAAYHfnMzL1U910.png680x680.jpg||https://openfile.meizu.com/group1/M00/07/C9/Cgbj0F6z74aAbe04AA18EMFZLTk365.png680x680.jpg',NULL,NULL,NULL,NULL,NULL,NULL,NULL),(67,'04005','生活',299,'智能压感防飞溅 | 超强震动清洁 | FDA 杜邦软毛 | 30天超长续航 | IPX7 级防水全身防霉防污垢 | 四种模式全面呵护','魅族防飞溅声波电动牙刷','白色','https://openfile.meizu.com/group1/M00/07/78/Cgbj0V2unKeALop5AAGkXjbP1nY517.png680x680.jpg||https://openfile.meizu.com/group1/M00/07/61/Cgbj0F2unKeAOX56AAGPKCChxXg324.png680x680.jpg||https://openfile.meizu.com/group1/M00/07/60/Cgbj0F2unKCAfvY1AAK0bbUdWPA878.png680x680.jpg',NULL,NULL,NULL,NULL,NULL,NULL,NULL),(68,'04006','生活',179,'【APP超值砍价低至119元】650D高耐磨牛津布 | 人体工学减负设计 | 大容量多功能收纳 | 生活防泼溅','魅族极简都市双肩包','理性黑','https://openfile.meizu.com/group1/M00/07/28/Cgbj0Vy9J36ARuB2AAVQph9X9vs749.png680x680.jpg||https://openfile.meizu.com/group1/M00/07/28/Cgbj0Vy9J32AU2nOAATL5jwF6dk865.png680x680.jpg||https://openfile.meizu.com/group1/M00/07/11/Cgbj0Fy9J4OAJiwMAAV4cfmWuas713.png680x680.jpg||https://openfile.meizu.com/group1/M00/07/11/Cgbj0Fy9J32AWGi3AAS35w5GhZo844.png680x680.jpg','朴素灰','https://openfile.meizu.com/group1/M00/07/28/Cgbj0Vy9J4OADVXBAAZu-ZHzPEQ324.png680x680.jpg||https://openfile.meizu.com/group1/M00/07/11/Cgbj0Fy9J4OAZyDsAAWFdhKvJio473.png680x680.jpg||https://openfile.meizu.com/group1/M00/07/11/Cgbj0Fy9J4iAEI12AAVddxgRbT8854.png680x680.jpg||https://openfile.meizu.com/group1/M00/07/28/Cgbj0Vy9J4iAHSMCAAVyrUvpJTY375.png680x680.jpg',NULL,NULL,NULL,NULL,NULL),(69,'04007','生活',199,'潮趣设计 | 100％精织纯棉 | 多重潮流工艺 | Mixcolor混色搭配 | 情侣装','Pandaer readnap T恤','黑色','https://openfile.meizu.com/group1/M00/07/66/Cgbj0V1mIcGAfsr1AAyHfC16kLQ799.png680x680.jpg||https://openfile.meizu.com/group1/M00/07/4E/Cgbj0F1mIcKAAbpEAA_zZnQ2gNk248.png680x680.jpg',NULL,NULL,NULL,NULL,NULL,NULL,NULL),(70,'04008','生活',399,'Magic Pandaer前卫设计 | 100％精梳棉纱 | 潮流款式 挺括有型 | 亲肤内衬 柔顺舒适 | 情侣装','Pandaer 魔术师帽衫','藏青色','https://openfile.meizu.com/group1/M00/07/7C/Cgbj0V2vva6AOk-vAAuUyJ3QsAo839.png680x680.jpg||https://openfile.meizu.com/group1/M00/07/81/Cgbj0V2yZAyAXJnWAARLlBcvskg417.jpg680x680.jpg',NULL,NULL,NULL,NULL,NULL,NULL,NULL),(71,'04009','生活',269,'Flyme原创 | 镭射材料 | 随光而动 | 暗夜微光 | 点亮梦想 | 情侣装','Flyme 8 暗夜流光卫衣','黑色','https://openfile.meizu.com/group1/M00/07/6A/Cgbj0F2yXrSAaUXKAA7Db1JnKHs624.png680x680.jpg||https://openfile.meizu.com/group1/M00/07/6A/Cgbj0F2ya2WAOoxPAAH7KkkI7Y0829.jpg680x680.jpg',NULL,NULL,NULL,NULL,NULL,NULL,NULL),(72,'04010','生活',499,'【APP超值砍价低至389元】高定时装压花伞布 | 隔绝99% UV | 进口环保拒水涂层 | 8骨静音防风伞架 | 千足纯银徽章 | 优质花梨木伞柄','Lifeme 梨木伞','黑色','https://openfile.meizu.com/group1/M00/07/63/Cgbj0V1l2T6AK4g2AAV30_p6ODA499.png680x680.jpg||https://openfile.meizu.com/group1/M00/07/4B/Cgbj0F1l2TiAXHiUAATjIGPbhog398.jpg680x680.jpg||https://openfile.meizu.com/group1/M00/07/63/Cgbj0V1l2TiAQkFiAASfYc5SfLE971.jpg680x680.jpg||https://openfile.meizu.com/group1/M00/07/4B/Cgbj0F1l2TeAKNjjAAQq0MX5DXQ504.jpg680x680.jpg',NULL,NULL,NULL,NULL,NULL,NULL,NULL),(73,'04011','生活',269,'Flyme原创 | 镭射材料 | 随光而动 | 暗夜微光 | 点亮梦想 | 情侣装','【Flyme 8周年】-Flyme 8 暗夜流光卫衣','黑色','https://openfile.meizu.com/group1/M00/07/6A/Cgbj0F2yXrSAaUXKAA7Db1JnKHs624.png680x680.jpg||https://openfile.meizu.com/group1/M00/07/6A/Cgbj0F2ya2WAOoxPAAH7KkkI7Y0829.jpg680x680.jpg',NULL,NULL,NULL,NULL,NULL,NULL,NULL),(74,'04012','生活',399,'Magic Pandaer前卫设计 | 100％精梳棉纱 | 潮流款式 挺括有型 | 亲肤内衬 柔顺舒适 | 情侣装','【Flyme 8周年】-Pandaer 魔术师帽衫','黑色','https://openfile.meizu.com/group1/M00/07/7C/Cgbj0V2vva6AOk-vAAuUyJ3QsAo839.png680x680.jpg||https://openfile.meizu.com/group1/M00/07/81/Cgbj0V2yZAyAXJnWAARLlBcvskg417.jpg680x680.jpg',NULL,NULL,NULL,NULL,NULL,NULL,NULL),(75,'04013','生活',179,'650D高耐磨牛津布 | 人体工学减负设计 | 大容量多功能收纳 | 生活防泼溅','【APP限时抢购】-魅族极简都市双肩包','理性黑','https://openfile.meizu.com/group1/M00/07/28/Cgbj0Vy9J36ARuB2AAVQph9X9vs749.png680x680.jpg||https://openfile.meizu.com/group1/M00/07/28/Cgbj0Vy9J32AU2nOAATL5jwF6dk865.png680x680.jpg||https://openfile.meizu.com/group1/M00/07/11/Cgbj0Fy9J4OAJiwMAAV4cfmWuas713.png680x680.jpg||https://openfile.meizu.com/group1/M00/07/11/Cgbj0Fy9J32AWGi3AAS35w5GhZo844.png680x680.jpg',NULL,NULL,NULL,NULL,NULL,NULL,NULL),(76,'04014','生活',199,'【珍稀现货】金鼠限定/ 优质棉料 / 挺括亲肤 / 保暖舒适 / 情侣装','Pandaer 鼠年圆领卫衣','红色','https://openfile.meizu.com/group1/M00/07/91/Cgbj0F4X4CyAapL_AAZDZGCy0nE802.jpg680x680.jpg||https://openfile.meizu.com/group1/M00/07/91/Cgbj0F4X4CaADNSYAAb8WZuj9-c404.jpg680x680.jpg||https://openfile.meizu.com/group1/M00/07/A7/Cgbj0V4X4CeAPr67AAfATDYeM-c030.jpg680x680.jpg','藏青色','https://openfile.meizu.com/group1/M00/07/A7/Cgbj0V4X4B6AZmUOAArSdQaTqYw996.png680x680.jpg||https://openfile.meizu.com/group1/M00/07/A7/Cgbj0V4X4B6AFSgJAAWeToMJ6Ac355.jpg680x680.jpg||https://openfile.meizu.com/group1/M00/07/A7/Cgbj0V4X4CeAPr67AAfATDYeM-c030.jpg680x680.jpg','',NULL,NULL,NULL,NULL),(77,'04015','生活',299,'智能压感防飞溅 | 超强震动清洁 | FDA 杜邦软毛 | 30天超长续航 | IPX7 级防水全身防霉防污垢 | 四种模式全面呵护','【Flyme 8周年】-魅族防飞溅声波电动牙刷','白色','https://openfile.meizu.com/group1/M00/07/78/Cgbj0V2unKeALop5AAGkXjbP1nY517.png680x680.jpg||https://openfile.meizu.com/group1/M00/07/61/Cgbj0F2unKeAOX56AAGPKCChxXg324.png680x680.jpg||https://openfile.meizu.com/group1/M00/07/60/Cgbj0F2unKCAfvY1AAK0bbUdWPA878.png680x680.jpg',NULL,NULL,NULL,NULL,NULL,NULL,NULL),(78,'04016','生活',299,'创新外观设计 | 扩容超大容量 | 人体工学背负 | 轻盈减负重量 | 颜值安全插扣 | 相机包新搭配','【Flyme 8周年】-Lifeme 双肩包','森林','https://openfile.meizu.com/group1/M00/07/DF/Cgbj0V6z7uiAJMl5AA7x6BjMe3s567.png680x680.jpg||https://openfile.meizu.com/group1/M00/07/C9/Cgbj0F6z7uiADhqnAApBr0HxF4I075.png680x680.jpg','曜石','https://openfile.meizu.com/group1/M00/07/DE/Cgbj0V6z7t-AAKILAAaIIslx2KA003.png680x680.jpg||https://openfile.meizu.com/group1/M00/07/C9/Cgbj0F6z7t-AQF58AAcGO_loJ5w686.png680x680.jpg||https://openfile.meizu.com/group1/M00/07/DE/Cgbj0V6z7t6Aa9d0AAg43fHZsWI919.png680x680.jpg','雪山','https://openfile.meizu.com/group1/M00/07/C9/Cgbj0F6z72eAH24-AAmV6ys0sis567.png680x680.jpg||https://openfile.meizu.com/group1/M00/07/DF/Cgbj0V6z72eATvhLAArDTGGsJ_s996.png680x680.jpg||https://openfile.meizu.com/group1/M00/07/DF/Cgbj0V6z72eAZkkXAAolc31wVhM269.png680x680.jpg',NULL,NULL,NULL),(79,'04017','生活',269,'潮酷印花 | 丝绸手感 | 100％长绒棉','【Flyme 8周年】-Pandaer 「17」系列 T恤','黑色 赛博熊','https://openfile.meizu.com/group1/M00/07/DD/Cgbj0V6z7k-AUrRgAAQ7fTJQLLI525.png680x680.jpg||https://openfile.meizu.com/group1/M00/07/C8/Cgbj0F6z7k-APqBeAANFsWchns4930.png680x680.jpg','白色 太空漫游','https://openfile.meizu.com/group1/M00/07/DE/Cgbj0V6z7lmAL-vFAAm1Zf5GeYY782.png680x680.jpg||https://openfile.meizu.com/group1/M00/07/C8/Cgbj0F6z7lmAKGlUAAPtu9f4enQ521.png680x680.jpg','黑色 宇航员','https://openfile.meizu.com/group1/M00/07/E1/Cgbj0V6z95-AG3qZAA1CJRs2wBU572.png680x680.jpg||https://openfile.meizu.com/group1/M00/07/CC/Cgbj0F6z95-AMcTqAAzDUwAD2_w016.png680x680.jpg',NULL,NULL,NULL),(80,'04018','生活',488,'Flyme 原创设计/ 鼠年春节套装 / 复古潮流 / 棒球衫 / 怀旧礼包 / 情侣装','2020福来我发新春大礼盒','黑色','https://openfile.meizu.com/group1/M00/07/91/Cgbj0F4X4YaALZSJAAdI8KKxN_E650.png680x680.jpg||https://openfile.meizu.com/group1/M00/07/A8/Cgbj0V4X4YWAd8oZAAVZsY-67ec620.png680x680.jpg||https://openfile.meizu.com/group1/M00/07/91/Cgbj0F4X4Y-AMpL4AAdkURtVNTo142.jpg680x680.jpg||https://openfile.meizu.com/group1/M00/07/A8/Cgbj0V4X4YaAWggRAAktrZZ-Dwc420.jpg680x680.jpg',NULL,NULL,NULL,NULL,NULL,NULL,NULL),(81,'04019','生活',69,'星球无限 追求不止','魅族星球探索 帆布袋','幻夜黑','https://openfile.meizu.com/group1/M00/07/2A/Cgbj0FzvONaAARlRAAo8uxn8y20301.png680x680.jpg||https://openfile.meizu.com/group1/M00/07/42/Cgbj0VzvOM-ALWfMAAkRlEVYFKU093.png680x680.jpg||https://openfile.meizu.com/group1/M00/07/2A/Cgbj0FzvOM-Ad5XFAAcJxBy9y4w314.png680x680.jpg||https://openfile.meizu.com/group1/M00/07/42/Cgbj0VzvOM6AdjAsAAVm4qxXXVQ463.png680x680.jpg','光年白','https://openfile.meizu.com/group1/M00/07/2A/Cgbj0FzvOLqASrUfAAksP05vyhs545.png680x680.jpg||https://openfile.meizu.com/group1/M00/07/41/Cgbj0VzvOLKAbb3ZAAfmI8EbRto277.png680x680.jpg||https://openfile.meizu.com/group1/M00/07/41/Cgbj0VzvOLKARYESAAabdLBJM_8439.png680x680.jpg||https://openfile.meizu.com/group1/M00/07/29/Cgbj0FzvOLKAe8EvAAdeQ90WZWo504.png680x680.jpg',NULL,NULL,NULL,NULL,NULL),(82,'04020','生活',69,'星球无限 追求不止','魅族星球探索 鼠标垫','星球蓝','https://openfile.meizu.com/group1/M00/07/41/Cgbj0VzvODSALJ3OAA3y2fvxTuA532.png680x680.jpg||https://openfile.meizu.com/group1/M00/07/29/Cgbj0FzvODSAPbAyAAPTmfZ7lrw056.png680x680.jpg||https://openfile.meizu.com/group1/M00/07/41/Cgbj0VzvODOAAIslAAJAZyvtyRc226.png680x680.jpg||https://openfile.meizu.com/group1/M00/07/29/Cgbj0FzvODqABPzxAAU9AhTawDI831.png680x680.jpg',NULL,NULL,NULL,NULL,NULL,NULL,NULL),(83,'04021','生活',59,'轻巧迷你 自在随心','魅族 Mini 线控自拍杆','粉色','https://openfile.meizu.com/group1/M00/01/3A/CnQOjVjJ-m2AQ1LxAAE3Ze4d72s837.png680x680.jpg||https://openfile.meizu.com/group1/M00/01/3A/Cix_s1jJ-m2ALXuDAAFFiCL9I2Q410.png680x680.jpg||https://openfile.meizu.com/group1/M00/01/3A/Cix_s1jJ-m2AX9oxAADcGxdfAuE225.png680x680.jpg||https://openfile.meizu.com/group1/M00/01/3A/Cix_s1jJ-m-Ace3vAALUrBIvSwU306.png680x680.jpg',NULL,NULL,NULL,NULL,NULL,NULL,NULL),(84,'04022','生活',199,'天生不凡 快狠稳','魅族路由器 极速版','白色','https://storeimg.meizu.com/product/1465698264-58364.jpg@680x680.jpg||https://storeimg.meizu.com/product/1465698319-94803.jpg@680x680.jpg||https://storeimg.meizu.com/product/1465698341-66129.jpg@680x680.jpg||https://storeimg.meizu.com/product/1465698366-64885.jpg@680x680.jpg',NULL,NULL,NULL,NULL,NULL,NULL,NULL);

#
# Structure for table "goods_banner"
#

CREATE TABLE `goods_banner` (
  `goods_type` varchar(255) NOT NULL DEFAULT '0',
  `image` varchar(255) NOT NULL DEFAULT ''
) ENGINE=MyISAM DEFAULT CHARSET=utf8;

#
# Data for table "goods_banner"
#

REPLACE INTO `goods_banner` VALUES ('声学','https://openfile.meizu.com/group1/M00/07/EA/Cgbj0V62dEyAFdDYAAxkAIkeh2E092.jpg'),('手机','https://openfile.meizu.com/group1/M00/07/E9/Cgbj0V62T1OAe8-FAAVDwocKDkA204.jpg'),('生活','https://openfile.meizu.com/group1/M00/07/EA/Cgbj0V62f86AIEJyAA2ApFFeZ2k604.jpg'),('配件','https://openfile.meizu.com/group1/M00/07/D4/Cgbj0F62dEqAbj_DAANcU84ItMs821.jpg');

#
# Structure for table "shoppingcart"
#

CREATE TABLE `shoppingcart` (
  `userphone` bigint(11) NOT NULL DEFAULT '0',
  `goods_id` varchar(28) NOT NULL DEFAULT '',
  `goods_count` int(11) NOT NULL DEFAULT '0',
  `goods_color_name` varchar(255) NOT NULL DEFAULT '',
  `goods_color` varchar(255) NOT NULL DEFAULT '',
  `goods_name` varchar(255) NOT NULL DEFAULT '',
  `goods_price` int(11) NOT NULL DEFAULT '0'
) ENGINE=MyISAM DEFAULT CHARSET=utf8;

#
# Data for table "shoppingcart"
#

REPLACE INTO `shoppingcart` VALUES (13245678912,'01002',1,'松深入墨','https://openfile.meizu.com/group1/M00/08/0C/Cgbj0V7gsj-AY4bcAAleFw4c8xs116.png680x680.jpg','魅族 17',3699),(13245678912,'04004',2,'灰黑','https://openfile.meizu.com/group1/M00/07/DF/Cgbj0V6z74aAO--aAAYHfnMzL1U910.png680x680.jpg','Lifeme 相机包',129),(13265498709,'01003',1,'天青','https://openfile.meizu.com/group1/M00/07/CF/Cgbj0F61BXaARxdvAAqWtjjyY08964.png680x680.jpg','魅族 17 Pro 晓芳窑艺术典藏版',9999),(13265498709,'01006',1,'珊瑚橙','https://openfile.meizu.com/group1/M00/07/2C/Cgbj0FzvRI6AWu1jAAxIbnS8M5Q295.png680x680.jpg','魅族 16Xs',1499);

#
# Structure for table "vip"
#

CREATE TABLE `vip` (
  `id` int(11) NOT NULL AUTO_INCREMENT,
  `userphone` bigint(11) NOT NULL DEFAULT '0',
  `userpass` varchar(15) NOT NULL DEFAULT '',
  `username` varchar(255) NOT NULL DEFAULT '',
  PRIMARY KEY (`id`)
) ENGINE=MyISAM AUTO_INCREMENT=18 DEFAULT CHARSET=utf8;

#
# Data for table "vip"
#

REPLACE INTO `vip` VALUES (17,13265498709,'4297f44b1395523','2342');
